<?xml version="1.0" encoding="UTF-8"?>
<export version="D">
  <design>
    <source>C:/Users/diego.ugaz/Documents/KiCad/Projects/AOML AB V2.2/AOML_AB_2.2.sch</source>
    <date>12/10/2018 5:58:49 PM</date>
    <tool>Eeschema 4.0.7</tool>
    <sheet number="1" name="/" tstamps="/">
      <title_block>
        <title/>
        <company/>
        <rev/>
        <date/>
        <source>AOML_AB_2.2.sch</source>
        <comment number="1" value=""/>
        <comment number="2" value=""/>
        <comment number="3" value=""/>
        <comment number="4" value=""/>
      </title_block>
    </sheet>
  </design>
  <components>
    <comp ref="R7">
      <value>4.7k</value>
      <footprint>Resistors_THT:R_Axial_DIN0207_L6.3mm_D2.5mm_P10.16mm_Horizontal</footprint>
      <libsource lib="pspice" part="R"/>
      <sheetpath names="/" tstamps="/"/>
      <tstamp>5AF4575C</tstamp>
    </comp>
    <comp ref="R1">
      <value>100</value>
      <footprint>Resistors_THT:R_Axial_DIN0207_L6.3mm_D2.5mm_P10.16mm_Horizontal</footprint>
      <libsource lib="pspice" part="R"/>
      <sheetpath names="/" tstamps="/"/>
      <tstamp>5AF457A5</tstamp>
    </comp>
    <comp ref="R3">
      <value>47k</value>
      <footprint>Resistors_THT:R_Axial_DIN0207_L6.3mm_D2.5mm_P10.16mm_Horizontal</footprint>
      <libsource lib="pspice" part="R"/>
      <sheetpath names="/" tstamps="/"/>
      <tstamp>5AF45820</tstamp>
    </comp>
    <comp ref="C5">
      <value>1000uF 25V</value>
      <footprint>Capacitors_THT:CP_Axial_L29.0mm_D13.0mm_P35.00mm_Horizontal</footprint>
      <datasheet>https://www.mouser.com/datasheet/2/88/TTA_series-552998.pdf</datasheet>
      <fields>
        <field name="Mouser #">598-108TTA025M</field>
        <field name="Mfr. #">108TTA025M</field>
      </fields>
      <libsource lib="AOML_AB_2.2-cache" part="CP"/>
      <sheetpath names="/" tstamps="/"/>
      <tstamp>5AF46644</tstamp>
    </comp>
    <comp ref="VR1">
      <value>LM7805</value>
      <footprint>TO_SOT_Packages_THT:TO-220-3_Horizontal</footprint>
      <datasheet>http://www.onsemi.com/pub/Collateral/MC7800-D.PDF</datasheet>
      <fields>
        <field name="Mouser #">512-LM7805CT</field>
        <field name="Mfr. #">LM7805CT</field>
      </fields>
      <libsource lib="regul" part="L7805"/>
      <sheetpath names="/" tstamps="/"/>
      <tstamp>5AF466D8</tstamp>
    </comp>
    <comp ref="CONN3">
      <value>216548-1</value>
      <footprint>digikey-footprints-AOML:216548_1_CONN</footprint>
      <datasheet>https://www.mouser.com/datasheet/2/418/NG_CD_216548_J6-1247434.pdf</datasheet>
      <fields>
        <field name="Mouser #">571-216548-1</field>
        <field name="Mfr. #">216548-1</field>
      </fields>
      <libsource lib="conn" part="Conn_01x06"/>
      <sheetpath names="/" tstamps="/"/>
      <tstamp>5AF495D2</tstamp>
    </comp>
    <comp ref="CONN20">
      <value>216550-1</value>
      <footprint>digikey-footprints-AOML:AL_CABLE_CONN</footprint>
      <datasheet>https://www.mouser.com/datasheet/2/418/NG_CD_216550_M3_C-216550_M3-1247479.pdf</datasheet>
      <fields>
        <field name="Mouser #">571-216550-1</field>
        <field name="Mfr. #">216550-1</field>
      </fields>
      <libsource lib="conn" part="Conn_01x08"/>
      <sheetpath names="/" tstamps="/"/>
      <tstamp>5AF50A53</tstamp>
    </comp>
    <comp ref="Q39">
      <value>IRLD024</value>
      <footprint>Housings_DIP:DIP-4_W7.62mm</footprint>
      <datasheet>https://www.mouser.com/datasheet/2/427/sihld24-86390.pdf</datasheet>
      <fields>
        <field name="Mouser #">844-IRLD024PBF</field>
        <field name="Mfr. #">IRLD024PBF</field>
      </fields>
      <libsource lib="device" part="Q_NMOS_DGS"/>
      <sheetpath names="/" tstamps="/"/>
      <tstamp>5AF64C33</tstamp>
    </comp>
    <comp ref="RN5">
      <value>10k</value>
      <footprint>Resistors_THT:R_Array_SIP10</footprint>
      <datasheet>https://www.mouser.com/datasheet/2/54/600x-776645.pdf</datasheet>
      <fields>
        <field name="Mouser #">652-4610X-1LF-10K</field>
        <field name="Mfr. #">4610X-101-103LF</field>
      </fields>
      <libsource lib="AOML_AB_2.2-cache" part="R_Network09"/>
      <sheetpath names="/" tstamps="/"/>
      <tstamp>5AF71E38</tstamp>
    </comp>
    <comp ref="U5">
      <value>MAX233CPP</value>
      <footprint>Housings_DIP:DIP-20_W7.62mm_Socket</footprint>
      <datasheet>https://datasheets.maximintegrated.com/en/ds/MAX220-MAX249.pdf</datasheet>
      <fields>
        <field name="Purchase Link">https://www.mouser.com/ProductDetail/Maxim-Integrated/MAX233CPP%2bG36?qs=sGAEpiMZZMtnIqnDeWcRHUtumypDpQDCbFGdxa2RydQ%3d</field>
        <field name="Mouser #">700-MAX233CPPG36</field>
        <field name="Mfr. #">MAX233CPP+G36</field>
      </fields>
      <libsource lib="interface_AOML" part="MAX233CPP"/>
      <sheetpath names="/" tstamps="/"/>
      <tstamp>5AF74856</tstamp>
    </comp>
    <comp ref="R2">
      <value>470</value>
      <footprint>Resistors_THT:R_Axial_DIN0207_L6.3mm_D2.5mm_P10.16mm_Horizontal</footprint>
      <libsource lib="pspice" part="R"/>
      <sheetpath names="/" tstamps="/"/>
      <tstamp>5AF770A5</tstamp>
    </comp>
    <comp ref="CONN7">
      <value>Molex_043650-0315</value>
      <footprint>Connector_Molex:Molex_Micro-Fit_3.0_43650-0315_1x03_P3.00mm_Vertical</footprint>
      <datasheet>https://www.mouser.com/datasheet/2/276/0436500315_PCB_HEADERS-148698.pdf</datasheet>
      <fields>
        <field name="Mouser #">538-43650-0315</field>
        <field name="Mfr. #">43650-0315</field>
      </fields>
      <libsource lib="conn" part="Conn_01x03"/>
      <sheetpath names="/" tstamps="/"/>
      <tstamp>5B054959</tstamp>
    </comp>
    <comp ref="RLY1">
      <value>DS2E-SL2-DC5V</value>
      <footprint>digikey-footprints-AOML:DIP-10_W7.62mm_Relay_Socket</footprint>
      <datasheet>https://www3.panasonic.biz/ac/e_download/control/relay/signal/catalog/mech_eng_ds.pdf?f_cd=302232</datasheet>
      <fields>
        <field name="Mouser #">769-DS2E-SL2-DC5V</field>
        <field name="Mfr. #">DS2E-SL2-DC5V</field>
      </fields>
      <libsource lib="relays_AOML" part="DS2E-SL2-DC5V"/>
      <sheetpath names="/" tstamps="/"/>
      <tstamp>5B0759B9</tstamp>
    </comp>
    <comp ref="R4">
      <value>15k</value>
      <footprint>Resistors_THT:R_Axial_DIN0207_L6.3mm_D2.5mm_P10.16mm_Horizontal</footprint>
      <libsource lib="pspice" part="R"/>
      <sheetpath names="/" tstamps="/"/>
      <tstamp>5B07A398</tstamp>
    </comp>
    <comp ref="R5">
      <value>0</value>
      <footprint>Resistors_THT:R_Axial_DIN0207_L6.3mm_D2.5mm_P10.16mm_Horizontal</footprint>
      <libsource lib="pspice" part="R"/>
      <sheetpath names="/" tstamps="/"/>
      <tstamp>5B07A6A3</tstamp>
    </comp>
    <comp ref="R6">
      <value>75k</value>
      <footprint>Resistors_THT:R_Axial_DIN0207_L6.3mm_D2.5mm_P10.16mm_Horizontal</footprint>
      <libsource lib="pspice" part="R"/>
      <sheetpath names="/" tstamps="/"/>
      <tstamp>5B087A27</tstamp>
    </comp>
    <comp ref="C8">
      <value>0.1uF</value>
      <footprint>Capacitors_THT:C_Rect_L7.2mm_W3.5mm_P5.00mm_FKS2_FKP2_MKS2_MKP2</footprint>
      <datasheet>https://www.mouser.com/datasheet/2/427/kseries-278438.pdf</datasheet>
      <fields>
        <field name="Mouser #">594-K104K15X7RF53H5</field>
        <field name="Mfr. #">K104K15X7RF53H5</field>
      </fields>
      <libsource lib="pspice" part="C"/>
      <sheetpath names="/" tstamps="/"/>
      <tstamp>5B10332F</tstamp>
    </comp>
    <comp ref="Q38">
      <value>IRLD024</value>
      <footprint>Housings_DIP:DIP-4_W7.62mm</footprint>
      <datasheet>https://www.mouser.com/datasheet/2/427/sihld24-86390.pdf</datasheet>
      <fields>
        <field name="Mouser #">844-IRLD024PBF</field>
        <field name="Mfr. #">IRLD024PBF</field>
      </fields>
      <libsource lib="device" part="Q_NMOS_DGS"/>
      <sheetpath names="/" tstamps="/"/>
      <tstamp>5B1077A2</tstamp>
    </comp>
    <comp ref="Q37">
      <value>IRLD024</value>
      <footprint>Housings_DIP:DIP-4_W7.62mm</footprint>
      <datasheet>https://www.mouser.com/datasheet/2/427/sihld24-86390.pdf</datasheet>
      <fields>
        <field name="Mouser #">844-IRLD024PBF</field>
        <field name="Mfr. #">IRLD024PBF</field>
      </fields>
      <libsource lib="device" part="Q_NMOS_DGS"/>
      <sheetpath names="/" tstamps="/"/>
      <tstamp>5B107CD9</tstamp>
    </comp>
    <comp ref="Q36">
      <value>IRLD024</value>
      <footprint>Housings_DIP:DIP-4_W7.62mm</footprint>
      <datasheet>https://www.mouser.com/datasheet/2/427/sihld24-86390.pdf</datasheet>
      <fields>
        <field name="Mouser #">844-IRLD024PBF</field>
        <field name="Mfr. #">IRLD024PBF</field>
      </fields>
      <libsource lib="device" part="Q_NMOS_DGS"/>
      <sheetpath names="/" tstamps="/"/>
      <tstamp>5B107CE3</tstamp>
    </comp>
    <comp ref="Q19">
      <value>IRLD024</value>
      <footprint>Housings_DIP:DIP-4_W7.62mm</footprint>
      <datasheet>https://www.mouser.com/datasheet/2/427/sihld24-86390.pdf</datasheet>
      <fields>
        <field name="Mouser #">844-IRLD024PBF</field>
        <field name="Mfr. #">IRLD024PBF</field>
      </fields>
      <libsource lib="device" part="Q_NMOS_DGS"/>
      <sheetpath names="/" tstamps="/"/>
      <tstamp>5B108C1D</tstamp>
    </comp>
    <comp ref="Q18">
      <value>IRLD024</value>
      <footprint>Housings_DIP:DIP-4_W7.62mm</footprint>
      <datasheet>https://www.mouser.com/datasheet/2/427/sihld24-86390.pdf</datasheet>
      <fields>
        <field name="Mouser #">844-IRLD024PBF</field>
        <field name="Mfr. #">IRLD024PBF</field>
      </fields>
      <libsource lib="device" part="Q_NMOS_DGS"/>
      <sheetpath names="/" tstamps="/"/>
      <tstamp>5B108C26</tstamp>
    </comp>
    <comp ref="Q17">
      <value>IRLD024</value>
      <footprint>Housings_DIP:DIP-4_W7.62mm</footprint>
      <datasheet>https://www.mouser.com/datasheet/2/427/sihld24-86390.pdf</datasheet>
      <fields>
        <field name="Mouser #">844-IRLD024PBF</field>
        <field name="Mfr. #">IRLD024PBF</field>
      </fields>
      <libsource lib="device" part="Q_NMOS_DGS"/>
      <sheetpath names="/" tstamps="/"/>
      <tstamp>5B108C2F</tstamp>
    </comp>
    <comp ref="Q16">
      <value>IRLD024</value>
      <footprint>Housings_DIP:DIP-4_W7.62mm</footprint>
      <datasheet>https://www.mouser.com/datasheet/2/427/sihld24-86390.pdf</datasheet>
      <fields>
        <field name="Mouser #">844-IRLD024PBF</field>
        <field name="Mfr. #">IRLD024PBF</field>
      </fields>
      <libsource lib="device" part="Q_NMOS_DGS"/>
      <sheetpath names="/" tstamps="/"/>
      <tstamp>5B108C38</tstamp>
    </comp>
    <comp ref="C4">
      <value>1000uF 25V</value>
      <footprint>Capacitors_THT:CP_Axial_L29.0mm_D13.0mm_P35.00mm_Horizontal</footprint>
      <datasheet>https://www.mouser.com/datasheet/2/88/TTA_series-552998.pdf</datasheet>
      <fields>
        <field name="Mouser #">598-108TTA025M</field>
        <field name="Mfr. #">108TTA025M</field>
        <field name="Purchase Link">https://www.mouser.com/ProductDetail/Illinois-Capacitor-CDE/108TTA025M?qs=sGAEpiMZZMtZ1n0r9vR22fPWwtj8kO8aM7%252bq7Ers2kTYG%2fi28Utsyg%3d%3d</field>
      </fields>
      <libsource lib="AOML_AB_2.2-cache" part="CP"/>
      <sheetpath names="/" tstamps="/"/>
      <tstamp>5B158FD6</tstamp>
    </comp>
    <comp ref="C7">
      <value>0.1uF</value>
      <footprint>Capacitors_THT:C_Rect_L7.2mm_W3.5mm_P5.00mm_FKS2_FKP2_MKS2_MKP2</footprint>
      <datasheet>https://www.mouser.com/datasheet/2/427/kseries-278438.pdf</datasheet>
      <fields>
        <field name="Mouser #">594-K104K15X7RF53H5</field>
        <field name="Mfr. #">K104K15X7RF53H5</field>
      </fields>
      <libsource lib="pspice" part="C"/>
      <sheetpath names="/" tstamps="/"/>
      <tstamp>5B16BA75</tstamp>
    </comp>
    <comp ref="C6">
      <value>0.1uF</value>
      <footprint>Capacitors_THT:C_Rect_L7.2mm_W3.5mm_P5.00mm_FKS2_FKP2_MKS2_MKP2</footprint>
      <datasheet>https://www.mouser.com/datasheet/2/427/kseries-278438.pdf</datasheet>
      <fields>
        <field name="Mouser #">594-K104K15X7RF53H5</field>
        <field name="Mfr. #">K104K15X7RF53H5</field>
      </fields>
      <libsource lib="pspice" part="C"/>
      <sheetpath names="/" tstamps="/"/>
      <tstamp>5B16BBD4</tstamp>
    </comp>
    <comp ref="C2">
      <value>0.1uF</value>
      <footprint>Capacitors_THT:C_Rect_L7.2mm_W3.5mm_P5.00mm_FKS2_FKP2_MKS2_MKP2</footprint>
      <datasheet>https://www.mouser.com/datasheet/2/427/kseries-278438.pdf</datasheet>
      <fields>
        <field name="Mouser #">594-K104K15X7RF53H5</field>
        <field name="Mfr. #">K104K15X7RF53H5</field>
      </fields>
      <libsource lib="pspice" part="C"/>
      <sheetpath names="/" tstamps="/"/>
      <tstamp>5B16BE90</tstamp>
    </comp>
    <comp ref="C3">
      <value>0.1uF</value>
      <footprint>Capacitors_THT:C_Rect_L7.2mm_W3.5mm_P5.00mm_FKS2_FKP2_MKS2_MKP2</footprint>
      <datasheet>https://www.mouser.com/datasheet/2/427/kseries-278438.pdf</datasheet>
      <fields>
        <field name="Mouser #">594-K104K15X7RF53H5</field>
        <field name="Mfr. #">K104K15X7RF53H5</field>
      </fields>
      <libsource lib="pspice" part="C"/>
      <sheetpath names="/" tstamps="/"/>
      <tstamp>5B16D32C</tstamp>
    </comp>
    <comp ref="C9">
      <value>0.1uF</value>
      <footprint>Capacitors_THT:C_Rect_L7.2mm_W3.5mm_P5.00mm_FKS2_FKP2_MKS2_MKP2</footprint>
      <datasheet>https://www.mouser.com/datasheet/2/427/kseries-278438.pdf</datasheet>
      <fields>
        <field name="Mouser #">594-K104K15X7RF53H5</field>
        <field name="Mfr. #">K104K15X7RF53H5</field>
      </fields>
      <libsource lib="pspice" part="C"/>
      <sheetpath names="/" tstamps="/"/>
      <tstamp>5B16D334</tstamp>
    </comp>
    <comp ref="C10">
      <value>0.1uF</value>
      <footprint>Capacitors_THT:C_Rect_L7.2mm_W3.5mm_P5.00mm_FKS2_FKP2_MKS2_MKP2</footprint>
      <datasheet>https://www.mouser.com/datasheet/2/427/kseries-278438.pdf</datasheet>
      <fields>
        <field name="Mouser #">594-K104K15X7RF53H5</field>
        <field name="Mfr. #">K104K15X7RF53H5</field>
      </fields>
      <libsource lib="pspice" part="C"/>
      <sheetpath names="/" tstamps="/"/>
      <tstamp>5B16D33C</tstamp>
    </comp>
    <comp ref="C11">
      <value>0.1uF</value>
      <footprint>Capacitors_THT:C_Rect_L7.2mm_W3.5mm_P5.00mm_FKS2_FKP2_MKS2_MKP2</footprint>
      <datasheet>https://www.mouser.com/datasheet/2/427/kseries-278438.pdf</datasheet>
      <fields>
        <field name="Mouser #">594-K104K15X7RF53H5</field>
        <field name="Mfr. #">K104K15X7RF53H5</field>
      </fields>
      <libsource lib="pspice" part="C"/>
      <sheetpath names="/" tstamps="/"/>
      <tstamp>5B16D344</tstamp>
    </comp>
    <comp ref="CONN10">
      <value>216548-1</value>
      <footprint>digikey-footprints-AOML:216548_1_CONN</footprint>
      <datasheet>https://www.mouser.com/datasheet/2/418/NG_CD_216548_J6-1247434.pdf</datasheet>
      <fields>
        <field name="Mouser #">571-216548-1</field>
        <field name="Mfr. #">216548-1</field>
      </fields>
      <libsource lib="conn" part="Conn_01x06"/>
      <sheetpath names="/" tstamps="/"/>
      <tstamp>5B17075B</tstamp>
    </comp>
    <comp ref="CONN21">
      <value>216548-1</value>
      <footprint>digikey-footprints-AOML:216548_1_CONN</footprint>
      <datasheet>https://www.mouser.com/datasheet/2/418/NG_CD_216548_J6-1247434.pdf</datasheet>
      <fields>
        <field name="Mouser #">571-216548-1</field>
        <field name="Mfr. #">216548-1</field>
      </fields>
      <libsource lib="conn" part="Conn_01x06"/>
      <sheetpath names="/" tstamps="/"/>
      <tstamp>5B170AAC</tstamp>
    </comp>
    <comp ref="CONN22">
      <value>216548-1</value>
      <footprint>digikey-footprints-AOML:216548_1_CONN</footprint>
      <datasheet>https://www.mouser.com/datasheet/2/418/NG_CD_216548_J6-1247434.pdf</datasheet>
      <fields>
        <field name="Mouser #">571-216548-1</field>
        <field name="Mfr. #">216548-1</field>
      </fields>
      <libsource lib="conn" part="Conn_01x06"/>
      <sheetpath names="/" tstamps="/"/>
      <tstamp>5B170EE6</tstamp>
    </comp>
    <comp ref="CONN23">
      <value>216548-1</value>
      <footprint>digikey-footprints-AOML:216548_1_CONN</footprint>
      <datasheet>https://www.mouser.com/datasheet/2/418/NG_CD_216548_J6-1247434.pdf</datasheet>
      <fields>
        <field name="Mouser #">571-216548-1</field>
        <field name="Mfr. #">216548-1</field>
      </fields>
      <libsource lib="conn" part="Conn_01x06"/>
      <sheetpath names="/" tstamps="/"/>
      <tstamp>5B17265B</tstamp>
    </comp>
    <comp ref="CONN24">
      <value>216548-1</value>
      <footprint>digikey-footprints-AOML:216548_1_CONN</footprint>
      <datasheet>https://www.mouser.com/datasheet/2/418/NG_CD_216548_J6-1247434.pdf</datasheet>
      <fields>
        <field name="Mouser #">571-216548-1</field>
        <field name="Mfr. #">216548-1</field>
      </fields>
      <libsource lib="conn" part="Conn_01x06"/>
      <sheetpath names="/" tstamps="/"/>
      <tstamp>5B172663</tstamp>
    </comp>
    <comp ref="CONN12">
      <value>216548-1</value>
      <footprint>digikey-footprints-AOML:216548_1_CONN</footprint>
      <datasheet>https://www.mouser.com/datasheet/2/418/NG_CD_216548_J6-1247434.pdf</datasheet>
      <fields>
        <field name="Mouser #">571-216548-1</field>
        <field name="Mfr. #">216548-1</field>
      </fields>
      <libsource lib="conn" part="Conn_01x06"/>
      <sheetpath names="/" tstamps="/"/>
      <tstamp>5B17266B</tstamp>
    </comp>
    <comp ref="CONN11">
      <value>216548-1</value>
      <footprint>digikey-footprints-AOML:216548_1_CONN</footprint>
      <datasheet>https://www.mouser.com/datasheet/2/418/NG_CD_216548_J6-1247434.pdf</datasheet>
      <fields>
        <field name="Mouser #">571-216548-1</field>
        <field name="Mfr. #">216548-1</field>
      </fields>
      <libsource lib="conn" part="Conn_01x06"/>
      <sheetpath names="/" tstamps="/"/>
      <tstamp>5B172673</tstamp>
    </comp>
    <comp ref="Q15">
      <value>IRLD024</value>
      <footprint>Housings_DIP:DIP-4_W7.62mm</footprint>
      <datasheet>https://www.mouser.com/datasheet/2/427/sihld24-86390.pdf</datasheet>
      <fields>
        <field name="Purchase Link">https://www.mouser.com/ProductDetail/Vishay-Siliconix/IRLD024PBF?qs=sGAEpiMZZMshyDBzk1%2fWi1F3z9PgzPBn%252b1wrsdeWLiE%3d</field>
        <field name="Mouser #">844-IRLD024PBF</field>
        <field name="Mfr. #">IRLD024PBF</field>
      </fields>
      <libsource lib="device" part="Q_NMOS_DGS"/>
      <sheetpath names="/" tstamps="/"/>
      <tstamp>5B17B22B</tstamp>
    </comp>
    <comp ref="Q14">
      <value>IRLD024</value>
      <footprint>Housings_DIP:DIP-4_W7.62mm</footprint>
      <datasheet>https://www.mouser.com/datasheet/2/427/sihld24-86390.pdf</datasheet>
      <fields>
        <field name="Mouser #">844-IRLD024PBF</field>
        <field name="Mfr. #">IRLD024PBF</field>
      </fields>
      <libsource lib="device" part="Q_NMOS_DGS"/>
      <sheetpath names="/" tstamps="/"/>
      <tstamp>5B17B234</tstamp>
    </comp>
    <comp ref="Q13">
      <value>IRLD024</value>
      <footprint>Housings_DIP:DIP-4_W7.62mm</footprint>
      <datasheet>https://www.mouser.com/datasheet/2/427/sihld24-86390.pdf</datasheet>
      <fields>
        <field name="Mouser #">844-IRLD024PBF</field>
        <field name="Mfr. #">IRLD024PBF</field>
      </fields>
      <libsource lib="device" part="Q_NMOS_DGS"/>
      <sheetpath names="/" tstamps="/"/>
      <tstamp>5B17B23C</tstamp>
    </comp>
    <comp ref="Q12">
      <value>IRLD024</value>
      <footprint>Housings_DIP:DIP-4_W7.62mm</footprint>
      <datasheet>https://www.mouser.com/datasheet/2/427/sihld24-86390.pdf</datasheet>
      <fields>
        <field name="Mouser #">844-IRLD024PBF</field>
        <field name="Mfr. #">IRLD024PBF</field>
      </fields>
      <libsource lib="device" part="Q_NMOS_DGS"/>
      <sheetpath names="/" tstamps="/"/>
      <tstamp>5B17B244</tstamp>
    </comp>
    <comp ref="Q27">
      <value>IRLD024</value>
      <footprint>Housings_DIP:DIP-4_W7.62mm</footprint>
      <datasheet>https://www.mouser.com/datasheet/2/427/sihld24-86390.pdf</datasheet>
      <fields>
        <field name="Mouser #">844-IRLD024PBF</field>
        <field name="Mfr. #">IRLD024PBF</field>
      </fields>
      <libsource lib="device" part="Q_NMOS_DGS"/>
      <sheetpath names="/" tstamps="/"/>
      <tstamp>5B17B9AF</tstamp>
    </comp>
    <comp ref="Q26">
      <value>IRLD024</value>
      <footprint>Housings_DIP:DIP-4_W7.62mm</footprint>
      <datasheet>https://www.mouser.com/datasheet/2/427/sihld24-86390.pdf</datasheet>
      <fields>
        <field name="Purchase Link">https://www.mouser.com/ProductDetail/Vishay-Siliconix/IRLD024PBF?qs=sGAEpiMZZMshyDBzk1%2fWi1F3z9PgzPBn%252b1wrsdeWLiE%3d</field>
        <field name="Mouser #">844-IRLD024PBF</field>
        <field name="Mfr. #">IRLD024PBF</field>
      </fields>
      <libsource lib="device" part="Q_NMOS_DGS"/>
      <sheetpath names="/" tstamps="/"/>
      <tstamp>5B17B9B8</tstamp>
    </comp>
    <comp ref="Q25">
      <value>IRLD024</value>
      <footprint>Housings_DIP:DIP-4_W7.62mm</footprint>
      <datasheet>https://www.mouser.com/datasheet/2/427/sihld24-86390.pdf</datasheet>
      <fields>
        <field name="Mouser #">844-IRLD024PBF</field>
        <field name="Mfr. #">IRLD024PBF</field>
      </fields>
      <libsource lib="device" part="Q_NMOS_DGS"/>
      <sheetpath names="/" tstamps="/"/>
      <tstamp>5B17B9C0</tstamp>
    </comp>
    <comp ref="Q24">
      <value>IRLD024</value>
      <footprint>Housings_DIP:DIP-4_W7.62mm</footprint>
      <datasheet>https://www.mouser.com/datasheet/2/427/sihld24-86390.pdf</datasheet>
      <fields>
        <field name="Mouser #">844-IRLD024PBF</field>
        <field name="Mfr. #">IRLD024PBF</field>
      </fields>
      <libsource lib="device" part="Q_NMOS_DGS"/>
      <sheetpath names="/" tstamps="/"/>
      <tstamp>5B17B9C8</tstamp>
    </comp>
    <comp ref="Q31">
      <value>IRLD024</value>
      <footprint>Housings_DIP:DIP-4_W7.62mm</footprint>
      <datasheet>https://www.mouser.com/datasheet/2/427/sihld24-86390.pdf</datasheet>
      <fields>
        <field name="Mouser #">844-IRLD024PBF</field>
        <field name="Mfr. #">IRLD024PBF</field>
      </fields>
      <libsource lib="device" part="Q_NMOS_DGS"/>
      <sheetpath names="/" tstamps="/"/>
      <tstamp>5B17BD40</tstamp>
    </comp>
    <comp ref="Q30">
      <value>IRLD024</value>
      <footprint>Housings_DIP:DIP-4_W7.62mm</footprint>
      <datasheet>https://www.mouser.com/datasheet/2/427/sihld24-86390.pdf</datasheet>
      <fields>
        <field name="Mouser #">844-IRLD024PBF</field>
        <field name="Mfr. #">IRLD024PBF</field>
      </fields>
      <libsource lib="device" part="Q_NMOS_DGS"/>
      <sheetpath names="/" tstamps="/"/>
      <tstamp>5B17BD49</tstamp>
    </comp>
    <comp ref="Q29">
      <value>IRLD024</value>
      <footprint>Housings_DIP:DIP-4_W7.62mm</footprint>
      <datasheet>https://www.mouser.com/datasheet/2/427/sihld24-86390.pdf</datasheet>
      <fields>
        <field name="Mouser #">844-IRLD024PBF</field>
        <field name="Mfr. #">IRLD024PBF</field>
      </fields>
      <libsource lib="device" part="Q_NMOS_DGS"/>
      <sheetpath names="/" tstamps="/"/>
      <tstamp>5B17BD51</tstamp>
    </comp>
    <comp ref="Q28">
      <value>IRLD024</value>
      <footprint>Housings_DIP:DIP-4_W7.62mm</footprint>
      <datasheet>https://www.mouser.com/datasheet/2/427/sihld24-86390.pdf</datasheet>
      <fields>
        <field name="Mouser #">844-IRLD024PBF</field>
        <field name="Mfr. #">IRLD024PBF</field>
      </fields>
      <libsource lib="device" part="Q_NMOS_DGS"/>
      <sheetpath names="/" tstamps="/"/>
      <tstamp>5B17BD59</tstamp>
    </comp>
    <comp ref="Q43">
      <value>IRLD024</value>
      <footprint>Housings_DIP:DIP-4_W7.62mm</footprint>
      <datasheet>https://www.mouser.com/datasheet/2/427/sihld24-86390.pdf</datasheet>
      <fields>
        <field name="Mouser #">844-IRLD024PBF</field>
        <field name="Mfr. #">IRLD024PBF</field>
      </fields>
      <libsource lib="device" part="Q_NMOS_DGS"/>
      <sheetpath names="/" tstamps="/"/>
      <tstamp>5B17D921</tstamp>
    </comp>
    <comp ref="Q42">
      <value>IRLD024</value>
      <footprint>Housings_DIP:DIP-4_W7.62mm</footprint>
      <datasheet>https://www.mouser.com/datasheet/2/427/sihld24-86390.pdf</datasheet>
      <fields>
        <field name="Mouser #">844-IRLD024PBF</field>
        <field name="Mfr. #">IRLD024PBF</field>
      </fields>
      <libsource lib="device" part="Q_NMOS_DGS"/>
      <sheetpath names="/" tstamps="/"/>
      <tstamp>5B17D929</tstamp>
    </comp>
    <comp ref="Q41">
      <value>IRLD024</value>
      <footprint>Housings_DIP:DIP-4_W7.62mm</footprint>
      <datasheet>https://www.mouser.com/datasheet/2/427/sihld24-86390.pdf</datasheet>
      <fields>
        <field name="Mouser #">844-IRLD024PBF</field>
        <field name="Mfr. #">IRLD024PBF</field>
      </fields>
      <libsource lib="device" part="Q_NMOS_DGS"/>
      <sheetpath names="/" tstamps="/"/>
      <tstamp>5B17D931</tstamp>
    </comp>
    <comp ref="Q40">
      <value>IRLD024</value>
      <footprint>Housings_DIP:DIP-4_W7.62mm</footprint>
      <datasheet>https://www.mouser.com/datasheet/2/427/sihld24-86390.pdf</datasheet>
      <fields>
        <field name="Purchase Link">https://www.mouser.com/ProductDetail/Vishay-Siliconix/IRLD024PBF?qs=sGAEpiMZZMshyDBzk1%2fWi1F3z9PgzPBn%252b1wrsdeWLiE%3d</field>
        <field name="Mouser #">844-IRLD024PBF</field>
        <field name="Mfr. #">IRLD024PBF</field>
      </fields>
      <libsource lib="device" part="Q_NMOS_DGS"/>
      <sheetpath names="/" tstamps="/"/>
      <tstamp>5B17D93A</tstamp>
    </comp>
    <comp ref="Q35">
      <value>IRLD024</value>
      <footprint>Housings_DIP:DIP-4_W7.62mm</footprint>
      <datasheet>https://www.mouser.com/datasheet/2/427/sihld24-86390.pdf</datasheet>
      <fields>
        <field name="Mouser #">844-IRLD024PBF</field>
        <field name="Mfr. #">IRLD024PBF</field>
      </fields>
      <libsource lib="device" part="Q_NMOS_DGS"/>
      <sheetpath names="/" tstamps="/"/>
      <tstamp>5B17DB8A</tstamp>
    </comp>
    <comp ref="Q34">
      <value>IRLD024</value>
      <footprint>Housings_DIP:DIP-4_W7.62mm</footprint>
      <datasheet>https://www.mouser.com/datasheet/2/427/sihld24-86390.pdf</datasheet>
      <fields>
        <field name="Mouser #">844-IRLD024PBF</field>
        <field name="Mfr. #">IRLD024PBF</field>
      </fields>
      <libsource lib="device" part="Q_NMOS_DGS"/>
      <sheetpath names="/" tstamps="/"/>
      <tstamp>5B17DB92</tstamp>
    </comp>
    <comp ref="Q33">
      <value>IRLD024</value>
      <footprint>Housings_DIP:DIP-4_W7.62mm</footprint>
      <datasheet>https://www.mouser.com/datasheet/2/427/sihld24-86390.pdf</datasheet>
      <fields>
        <field name="Mouser #">844-IRLD024PBF</field>
        <field name="Mfr. #">IRLD024PBF</field>
      </fields>
      <libsource lib="device" part="Q_NMOS_DGS"/>
      <sheetpath names="/" tstamps="/"/>
      <tstamp>5B17DB9A</tstamp>
    </comp>
    <comp ref="Q32">
      <value>IRLD024</value>
      <footprint>Housings_DIP:DIP-4_W7.62mm</footprint>
      <datasheet>https://www.mouser.com/datasheet/2/427/sihld24-86390.pdf</datasheet>
      <fields>
        <field name="Mouser #">844-IRLD024PBF</field>
        <field name="Mfr. #">IRLD024PBF</field>
      </fields>
      <libsource lib="device" part="Q_NMOS_DGS"/>
      <sheetpath names="/" tstamps="/"/>
      <tstamp>5B17DBA3</tstamp>
    </comp>
    <comp ref="Q23">
      <value>IRLD024</value>
      <footprint>Housings_DIP:DIP-4_W7.62mm</footprint>
      <datasheet>https://www.mouser.com/datasheet/2/427/sihld24-86390.pdf</datasheet>
      <fields>
        <field name="Mouser #">844-IRLD024PBF</field>
        <field name="Mfr. #">IRLD024PBF</field>
      </fields>
      <libsource lib="device" part="Q_NMOS_DGS"/>
      <sheetpath names="/" tstamps="/"/>
      <tstamp>5B17DD19</tstamp>
    </comp>
    <comp ref="Q22">
      <value>IRLD024</value>
      <footprint>Housings_DIP:DIP-4_W7.62mm</footprint>
      <datasheet>https://www.mouser.com/datasheet/2/427/sihld24-86390.pdf</datasheet>
      <fields>
        <field name="Mouser #">844-IRLD024PBF</field>
        <field name="Mfr. #">IRLD024PBF</field>
      </fields>
      <libsource lib="device" part="Q_NMOS_DGS"/>
      <sheetpath names="/" tstamps="/"/>
      <tstamp>5B17DD21</tstamp>
    </comp>
    <comp ref="Q21">
      <value>IRLD024</value>
      <footprint>Housings_DIP:DIP-4_W7.62mm</footprint>
      <datasheet>https://www.mouser.com/datasheet/2/427/sihld24-86390.pdf</datasheet>
      <fields>
        <field name="Mouser #">844-IRLD024PBF</field>
        <field name="Mfr. #">IRLD024PBF</field>
      </fields>
      <libsource lib="device" part="Q_NMOS_DGS"/>
      <sheetpath names="/" tstamps="/"/>
      <tstamp>5B17DD29</tstamp>
    </comp>
    <comp ref="Q20">
      <value>IRLD024</value>
      <footprint>Housings_DIP:DIP-4_W7.62mm</footprint>
      <datasheet>https://www.mouser.com/datasheet/2/427/sihld24-86390.pdf</datasheet>
      <fields>
        <field name="Purchase Link">https://www.mouser.com/ProductDetail/Vishay-Siliconix/IRLD024PBF?qs=sGAEpiMZZMshyDBzk1%2fWi1F3z9PgzPBn%252b1wrsdeWLiE%3d</field>
        <field name="Mouser #">844-IRLD024PBF</field>
        <field name="Mfr. #">IRLD024PBF</field>
      </fields>
      <libsource lib="device" part="Q_NMOS_DGS"/>
      <sheetpath names="/" tstamps="/"/>
      <tstamp>5B17DD32</tstamp>
    </comp>
    <comp ref="C1">
      <value>0.1uF</value>
      <footprint>Capacitors_THT:C_Rect_L7.2mm_W3.5mm_P5.00mm_FKS2_FKP2_MKS2_MKP2</footprint>
      <datasheet>https://www.mouser.com/datasheet/2/427/kseries-278438.pdf</datasheet>
      <fields>
        <field name="Mouser #">594-K104K15X7RF53H5</field>
        <field name="Mfr. #">K104K15X7RF53H5</field>
      </fields>
      <libsource lib="pspice" part="C"/>
      <sheetpath names="/" tstamps="/"/>
      <tstamp>5B1812FE</tstamp>
    </comp>
    <comp ref="CONN8">
      <value>Molex_043650-0315</value>
      <footprint>Connector_Molex:Molex_Micro-Fit_3.0_43650-0315_1x03_P3.00mm_Vertical</footprint>
      <datasheet>https://www.mouser.com/datasheet/2/276/0436500315_PCB_HEADERS-148698.pdf</datasheet>
      <fields>
        <field name="Mouser #">538-43650-0315</field>
        <field name="Mfr. #">43650-0315</field>
      </fields>
      <libsource lib="conn" part="Conn_01x03"/>
      <sheetpath names="/" tstamps="/"/>
      <tstamp>5B183F78</tstamp>
    </comp>
    <comp ref="CONN9">
      <value>Molex_043650-0315</value>
      <footprint>Connector_Molex:Molex_Micro-Fit_3.0_43650-0315_1x03_P3.00mm_Vertical</footprint>
      <datasheet>https://www.mouser.com/datasheet/2/276/0436500315_PCB_HEADERS-148698.pdf</datasheet>
      <fields>
        <field name="Mouser #">538-43650-0315</field>
        <field name="Mfr. #">43650-0315</field>
      </fields>
      <libsource lib="conn" part="Conn_01x03"/>
      <sheetpath names="/" tstamps="/"/>
      <tstamp>5B1840FC</tstamp>
    </comp>
    <comp ref="CONN6">
      <value>Molex_043650-0315</value>
      <footprint>Connector_Molex:Molex_Micro-Fit_3.0_43650-0315_1x03_P3.00mm_Vertical</footprint>
      <datasheet>https://www.mouser.com/datasheet/2/276/0436500315_PCB_HEADERS-148698.pdf</datasheet>
      <fields>
        <field name="Mouser #">538-43650-0315</field>
        <field name="Mfr. #">43650-0315</field>
      </fields>
      <libsource lib="conn" part="Conn_01x03"/>
      <sheetpath names="/" tstamps="/"/>
      <tstamp>5B184D97</tstamp>
    </comp>
    <comp ref="CONN5">
      <value>Molex_043650-0315</value>
      <footprint>Connector_Molex:Molex_Micro-Fit_3.0_43650-0315_1x03_P3.00mm_Vertical</footprint>
      <datasheet>https://www.mouser.com/datasheet/2/276/0436500315_PCB_HEADERS-148698.pdf</datasheet>
      <fields>
        <field name="Mouser #">538-43650-0315</field>
        <field name="Mfr. #">43650-0315</field>
      </fields>
      <libsource lib="conn" part="Conn_01x03"/>
      <sheetpath names="/" tstamps="/"/>
      <tstamp>5B184D9F</tstamp>
    </comp>
    <comp ref="CONN4">
      <value>Molex_043650-0315</value>
      <footprint>Connector_Molex:Molex_Micro-Fit_3.0_43650-0315_1x03_P3.00mm_Vertical</footprint>
      <datasheet>https://www.mouser.com/datasheet/2/276/0436500315_PCB_HEADERS-148698.pdf</datasheet>
      <fields>
        <field name="Mouser #">538-43650-0315</field>
        <field name="Mfr. #">43650-0315</field>
      </fields>
      <libsource lib="conn" part="Conn_01x03"/>
      <sheetpath names="/" tstamps="/"/>
      <tstamp>5B184DA7</tstamp>
    </comp>
    <comp ref="CONN18">
      <value>Molex_043650-0315</value>
      <footprint>Connector_Molex:Molex_Micro-Fit_3.0_43650-0315_1x03_P3.00mm_Vertical</footprint>
      <datasheet>https://www.mouser.com/datasheet/2/276/0436500315_PCB_HEADERS-148698.pdf</datasheet>
      <fields>
        <field name="Mouser #">538-43650-0315</field>
        <field name="Mfr. #">43650-0315</field>
      </fields>
      <libsource lib="conn" part="Conn_01x03"/>
      <sheetpath names="/" tstamps="/"/>
      <tstamp>5B18571B</tstamp>
    </comp>
    <comp ref="CONN19">
      <value>Molex_043650-0315</value>
      <footprint>Connector_Molex:Molex_Micro-Fit_3.0_43650-0315_1x03_P3.00mm_Vertical</footprint>
      <datasheet>https://www.mouser.com/datasheet/2/276/0436500315_PCB_HEADERS-148698.pdf</datasheet>
      <fields>
        <field name="Mouser #">538-43650-0315</field>
        <field name="Mfr. #">43650-0315</field>
      </fields>
      <libsource lib="conn" part="Conn_01x03"/>
      <sheetpath names="/" tstamps="/"/>
      <tstamp>5B185723</tstamp>
    </comp>
    <comp ref="Q9">
      <value>IRLD024</value>
      <footprint>Housings_DIP:DIP-4_W7.62mm</footprint>
      <datasheet>https://www.mouser.com/datasheet/2/427/sihld24-86390.pdf</datasheet>
      <fields>
        <field name="Mouser #">844-IRLD024PBF</field>
        <field name="Mfr. #">IRLD024PBF</field>
      </fields>
      <libsource lib="device" part="Q_NMOS_DGS"/>
      <sheetpath names="/" tstamps="/"/>
      <tstamp>5B1874E5</tstamp>
    </comp>
    <comp ref="Q10">
      <value>IRLD024</value>
      <footprint>Housings_DIP:DIP-4_W7.62mm</footprint>
      <datasheet>https://www.mouser.com/datasheet/2/427/sihld24-86390.pdf</datasheet>
      <fields>
        <field name="Mouser #">844-IRLD024PBF</field>
        <field name="Mfr. #">IRLD024PBF</field>
      </fields>
      <libsource lib="device" part="Q_NMOS_DGS"/>
      <sheetpath names="/" tstamps="/"/>
      <tstamp>5B187D5E</tstamp>
    </comp>
    <comp ref="Q11">
      <value>IRLD024</value>
      <footprint>Housings_DIP:DIP-4_W7.62mm</footprint>
      <datasheet>https://www.mouser.com/datasheet/2/427/sihld24-86390.pdf</datasheet>
      <fields>
        <field name="Mouser #">844-IRLD024PBF</field>
        <field name="Mfr. #">IRLD024PBF</field>
      </fields>
      <libsource lib="device" part="Q_NMOS_DGS"/>
      <sheetpath names="/" tstamps="/"/>
      <tstamp>5B188017</tstamp>
    </comp>
    <comp ref="Q6">
      <value>IRLD024</value>
      <footprint>Housings_DIP:DIP-4_W7.62mm</footprint>
      <datasheet>https://www.mouser.com/datasheet/2/427/sihld24-86390.pdf</datasheet>
      <fields>
        <field name="Mouser #">844-IRLD024PBF</field>
        <field name="Mfr. #">IRLD024PBF</field>
      </fields>
      <libsource lib="device" part="Q_NMOS_DGS"/>
      <sheetpath names="/" tstamps="/"/>
      <tstamp>5B188C14</tstamp>
    </comp>
    <comp ref="Q7">
      <value>IRLD024</value>
      <footprint>Housings_DIP:DIP-4_W7.62mm</footprint>
      <datasheet>https://www.mouser.com/datasheet/2/427/sihld24-86390.pdf</datasheet>
      <fields>
        <field name="Mouser #">844-IRLD024PBF</field>
        <field name="Mfr. #">IRLD024PBF</field>
      </fields>
      <libsource lib="device" part="Q_NMOS_DGS"/>
      <sheetpath names="/" tstamps="/"/>
      <tstamp>5B188C1C</tstamp>
    </comp>
    <comp ref="Q8">
      <value>IRLD024</value>
      <footprint>Housings_DIP:DIP-4_W7.62mm</footprint>
      <datasheet>https://www.mouser.com/datasheet/2/427/sihld24-86390.pdf</datasheet>
      <fields>
        <field name="Mouser #">844-IRLD024PBF</field>
        <field name="Mfr. #">IRLD024PBF</field>
      </fields>
      <libsource lib="device" part="Q_NMOS_DGS"/>
      <sheetpath names="/" tstamps="/"/>
      <tstamp>5B188C24</tstamp>
    </comp>
    <comp ref="Q2">
      <value>IRLD024</value>
      <footprint>Housings_DIP:DIP-4_W7.62mm</footprint>
      <datasheet>https://www.mouser.com/datasheet/2/427/sihld24-86390.pdf</datasheet>
      <fields>
        <field name="Mouser #">844-IRLD024PBF</field>
        <field name="Mfr. #">IRLD024PBF</field>
      </fields>
      <libsource lib="device" part="Q_NMOS_DGS"/>
      <sheetpath names="/" tstamps="/"/>
      <tstamp>5B189A80</tstamp>
    </comp>
    <comp ref="Q3">
      <value>IRLD024</value>
      <footprint>Housings_DIP:DIP-4_W7.62mm</footprint>
      <datasheet>https://www.mouser.com/datasheet/2/427/sihld24-86390.pdf</datasheet>
      <fields>
        <field name="Mouser #">844-IRLD024PBF</field>
        <field name="Mfr. #">IRLD024PBF</field>
      </fields>
      <libsource lib="device" part="Q_NMOS_DGS"/>
      <sheetpath names="/" tstamps="/"/>
      <tstamp>5B189DCD</tstamp>
    </comp>
    <comp ref="Q4">
      <value>IRLD024</value>
      <footprint>Housings_DIP:DIP-4_W7.62mm</footprint>
      <datasheet>https://www.mouser.com/datasheet/2/427/sihld24-86390.pdf</datasheet>
      <fields>
        <field name="Mouser #">844-IRLD024PBF</field>
        <field name="Mfr. #">IRLD024PBF</field>
      </fields>
      <libsource lib="device" part="Q_NMOS_DGS"/>
      <sheetpath names="/" tstamps="/"/>
      <tstamp>5B189F37</tstamp>
    </comp>
    <comp ref="Q5">
      <value>IRLD024</value>
      <footprint>Housings_DIP:DIP-4_W7.62mm</footprint>
      <datasheet>https://www.mouser.com/datasheet/2/427/sihld24-86390.pdf</datasheet>
      <fields>
        <field name="Mouser #">844-IRLD024PBF</field>
        <field name="Mfr. #">IRLD024PBF</field>
      </fields>
      <libsource lib="device" part="Q_NMOS_DGS"/>
      <sheetpath names="/" tstamps="/"/>
      <tstamp>5B18A95D</tstamp>
    </comp>
    <comp ref="Q46">
      <value>IRLD024</value>
      <footprint>Housings_DIP:DIP-4_W7.62mm</footprint>
      <datasheet>https://www.mouser.com/datasheet/2/427/sihld24-86390.pdf</datasheet>
      <fields>
        <field name="Mouser #">844-IRLD024PBF</field>
        <field name="Mfr. #">IRLD024PBF</field>
      </fields>
      <libsource lib="device" part="Q_NMOS_DGS"/>
      <sheetpath names="/" tstamps="/"/>
      <tstamp>5B18AF9C</tstamp>
    </comp>
    <comp ref="Q44">
      <value>IRLD024</value>
      <footprint>Housings_DIP:DIP-4_W7.62mm</footprint>
      <datasheet>https://www.mouser.com/datasheet/2/427/sihld24-86390.pdf</datasheet>
      <fields>
        <field name="Mouser #">844-IRLD024PBF</field>
        <field name="Mfr. #">IRLD024PBF</field>
      </fields>
      <libsource lib="device" part="Q_NMOS_DGS"/>
      <sheetpath names="/" tstamps="/"/>
      <tstamp>5B18B11E</tstamp>
    </comp>
    <comp ref="RN4">
      <value>10k</value>
      <footprint>Resistors_THT:R_Array_SIP10</footprint>
      <datasheet>https://www.mouser.com/datasheet/2/54/600x-776645.pdf</datasheet>
      <fields>
        <field name="Mouser #">652-4610X-1LF-10K</field>
        <field name="Mfr. #">4610X-101-103LF</field>
      </fields>
      <libsource lib="AOML_AB_2.2-cache" part="R_Network09"/>
      <sheetpath names="/" tstamps="/"/>
      <tstamp>5B1972C4</tstamp>
    </comp>
    <comp ref="RN3">
      <value>10k</value>
      <footprint>Resistors_THT:R_Array_SIP10</footprint>
      <datasheet>https://www.mouser.com/datasheet/2/54/600x-776645.pdf</datasheet>
      <fields>
        <field name="Mouser #">652-4610X-1LF-10K</field>
        <field name="Mfr. #">4610X-101-103LF</field>
      </fields>
      <libsource lib="AOML_AB_2.2-cache" part="R_Network09"/>
      <sheetpath names="/" tstamps="/"/>
      <tstamp>5B197AF5</tstamp>
    </comp>
    <comp ref="RN2">
      <value>10k</value>
      <footprint>Resistors_THT:R_Array_SIP10</footprint>
      <datasheet>https://www.mouser.com/datasheet/2/54/600x-776645.pdf</datasheet>
      <fields>
        <field name="Mouser #">652-4610X-1LF-10K</field>
        <field name="Mfr. #">4610X-101-103LF</field>
      </fields>
      <libsource lib="AOML_AB_2.2-cache" part="R_Network09"/>
      <sheetpath names="/" tstamps="/"/>
      <tstamp>5B197C5C</tstamp>
    </comp>
    <comp ref="RN1">
      <value>10k</value>
      <footprint>Resistors_THT:R_Array_SIP10</footprint>
      <datasheet>https://www.mouser.com/datasheet/2/54/600x-776645.pdf</datasheet>
      <fields>
        <field name="Mouser #">652-4610X-1LF-10K</field>
        <field name="Mfr. #">4610X-101-103LF</field>
      </fields>
      <libsource lib="AOML_AB_2.2-cache" part="R_Network09"/>
      <sheetpath names="/" tstamps="/"/>
      <tstamp>5B197DC6</tstamp>
    </comp>
    <comp ref="RLY2">
      <value>DS2E-SL2-DC5V</value>
      <footprint>digikey-footprints-AOML:DIP-10_W7.62mm_Relay_Socket</footprint>
      <datasheet>https://www3.panasonic.biz/ac/e_download/control/relay/signal/catalog/mech_eng_ds.pdf?f_cd=302232</datasheet>
      <fields>
        <field name="Mouser #">769-DS2E-SL2-DC5V</field>
        <field name="Mfr. #">DS2E-SL2-DC5V</field>
      </fields>
      <libsource lib="relays_AOML" part="DS2E-SL2-DC5V"/>
      <sheetpath names="/" tstamps="/"/>
      <tstamp>5B1997BD</tstamp>
    </comp>
    <comp ref="RLY3">
      <value>DS2E-SL2-DC5V</value>
      <footprint>digikey-footprints-AOML:DIP-10_W7.62mm_Relay_Socket</footprint>
      <datasheet>https://www3.panasonic.biz/ac/e_download/control/relay/signal/catalog/mech_eng_ds.pdf?f_cd=302232</datasheet>
      <fields>
        <field name="Mouser #">769-DS2E-SL2-DC5V</field>
        <field name="Mfr. #">DS2E-SL2-DC5V</field>
      </fields>
      <libsource lib="relays_AOML" part="DS2E-SL2-DC5V"/>
      <sheetpath names="/" tstamps="/"/>
      <tstamp>5B199923</tstamp>
    </comp>
    <comp ref="RLY4">
      <value>DS2E-SL2-DC5V</value>
      <footprint>digikey-footprints-AOML:DIP-10_W7.62mm_Relay_Socket</footprint>
      <datasheet>https://www3.panasonic.biz/ac/e_download/control/relay/signal/catalog/mech_eng_ds.pdf?f_cd=302232</datasheet>
      <fields>
        <field name="Mouser #">769-DS2E-SL2-DC5V</field>
        <field name="Mfr. #">DS2E-SL2-DC5V</field>
      </fields>
      <libsource lib="relays_AOML" part="DS2E-SL2-DC5V"/>
      <sheetpath names="/" tstamps="/"/>
      <tstamp>5B199F02</tstamp>
    </comp>
    <comp ref="RLY5">
      <value>DS2E-SL2-DC5V</value>
      <footprint>digikey-footprints-AOML:DIP-10_W7.62mm_Relay_Socket</footprint>
      <datasheet>https://www3.panasonic.biz/ac/e_download/control/relay/signal/catalog/mech_eng_ds.pdf?f_cd=302232</datasheet>
      <fields>
        <field name="Mouser #">769-DS2E-SL2-DC5V</field>
        <field name="Mfr. #">DS2E-SL2-DC5V</field>
      </fields>
      <libsource lib="relays_AOML" part="DS2E-SL2-DC5V"/>
      <sheetpath names="/" tstamps="/"/>
      <tstamp>5B19A062</tstamp>
    </comp>
    <comp ref="RLY18">
      <value>DS2E-SL2-DC5V</value>
      <footprint>digikey-footprints-AOML:DIP-10_W7.62mm_Relay_Socket</footprint>
      <datasheet>https://www3.panasonic.biz/ac/e_download/control/relay/signal/catalog/mech_eng_ds.pdf?f_cd=302232</datasheet>
      <fields>
        <field name="Mouser #">769-DS2E-SL2-DC5V</field>
        <field name="Mfr. #">DS2E-SL2-DC5V</field>
      </fields>
      <libsource lib="relays_AOML" part="DS2E-SL2-DC5V"/>
      <sheetpath names="/" tstamps="/"/>
      <tstamp>5B19ADB9</tstamp>
    </comp>
    <comp ref="RLY19">
      <value>DS2E-SL2-DC5V</value>
      <footprint>digikey-footprints-AOML:DIP-10_W7.62mm_Relay_Socket</footprint>
      <datasheet>https://www3.panasonic.biz/ac/e_download/control/relay/signal/catalog/mech_eng_ds.pdf?f_cd=302232</datasheet>
      <fields>
        <field name="Mouser #">769-DS2E-SL2-DC5V</field>
        <field name="Mfr. #">DS2E-SL2-DC5V</field>
      </fields>
      <libsource lib="relays_AOML" part="DS2E-SL2-DC5V"/>
      <sheetpath names="/" tstamps="/"/>
      <tstamp>5B19AF23</tstamp>
    </comp>
    <comp ref="RLY20">
      <value>DS2E-SL2-DC5V</value>
      <footprint>digikey-footprints-AOML:DIP-10_W7.62mm_Relay_Socket</footprint>
      <datasheet>https://www3.panasonic.biz/ac/e_download/control/relay/signal/catalog/mech_eng_ds.pdf?f_cd=302232</datasheet>
      <fields>
        <field name="Mouser #">769-DS2E-SL2-DC5V</field>
        <field name="Mfr. #">DS2E-SL2-DC5V</field>
      </fields>
      <libsource lib="relays_AOML" part="DS2E-SL2-DC5V"/>
      <sheetpath names="/" tstamps="/"/>
      <tstamp>5B19B09E</tstamp>
    </comp>
    <comp ref="RLY21">
      <value>DS2E-SL2-DC5V</value>
      <footprint>digikey-footprints-AOML:DIP-10_W7.62mm_Relay_Socket</footprint>
      <datasheet>https://www3.panasonic.biz/ac/e_download/control/relay/signal/catalog/mech_eng_ds.pdf?f_cd=302232</datasheet>
      <fields>
        <field name="Mouser #">769-DS2E-SL2-DC5V</field>
        <field name="Mfr. #">DS2E-SL2-DC5V</field>
      </fields>
      <libsource lib="relays_AOML" part="DS2E-SL2-DC5V"/>
      <sheetpath names="/" tstamps="/"/>
      <tstamp>5B19B20A</tstamp>
    </comp>
    <comp ref="RLY6">
      <value>DS2E-SL2-DC5V</value>
      <footprint>digikey-footprints-AOML:DIP-10_W7.62mm_Relay_Socket</footprint>
      <datasheet>https://www3.panasonic.biz/ac/e_download/control/relay/signal/catalog/mech_eng_ds.pdf?f_cd=302232</datasheet>
      <fields>
        <field name="Mouser #">769-DS2E-SL2-DC5V</field>
        <field name="Mfr. #">DS2E-SL2-DC5V</field>
      </fields>
      <libsource lib="relays_AOML" part="DS2E-SL2-DC5V"/>
      <sheetpath names="/" tstamps="/"/>
      <tstamp>5B19C81C</tstamp>
    </comp>
    <comp ref="RLY7">
      <value>DS2E-SL2-DC5V</value>
      <footprint>digikey-footprints-AOML:DIP-10_W7.62mm_Relay_Socket</footprint>
      <datasheet>https://www3.panasonic.biz/ac/e_download/control/relay/signal/catalog/mech_eng_ds.pdf?f_cd=302232</datasheet>
      <fields>
        <field name="Mouser #">769-DS2E-SL2-DC5V</field>
        <field name="Mfr. #">DS2E-SL2-DC5V</field>
      </fields>
      <libsource lib="relays_AOML" part="DS2E-SL2-DC5V"/>
      <sheetpath names="/" tstamps="/"/>
      <tstamp>5B19DB0E</tstamp>
    </comp>
    <comp ref="RLY8">
      <value>DS2E-SL2-DC5V</value>
      <footprint>digikey-footprints-AOML:DIP-10_W7.62mm_Relay_Socket</footprint>
      <datasheet>https://www3.panasonic.biz/ac/e_download/control/relay/signal/catalog/mech_eng_ds.pdf?f_cd=302232</datasheet>
      <fields>
        <field name="Mouser #">769-DS2E-SL2-DC5V</field>
        <field name="Mfr. #">DS2E-SL2-DC5V</field>
      </fields>
      <libsource lib="relays_AOML" part="DS2E-SL2-DC5V"/>
      <sheetpath names="/" tstamps="/"/>
      <tstamp>5B19DC6D</tstamp>
    </comp>
    <comp ref="RLY9">
      <value>DS2E-SL2-DC5V</value>
      <footprint>digikey-footprints-AOML:DIP-10_W7.62mm_Relay_Socket</footprint>
      <datasheet>https://www3.panasonic.biz/ac/e_download/control/relay/signal/catalog/mech_eng_ds.pdf?f_cd=302232</datasheet>
      <fields>
        <field name="Mouser #">769-DS2E-SL2-DC5V</field>
        <field name="Mfr. #">DS2E-SL2-DC5V</field>
      </fields>
      <libsource lib="relays_AOML" part="DS2E-SL2-DC5V"/>
      <sheetpath names="/" tstamps="/"/>
      <tstamp>5B19DDD1</tstamp>
    </comp>
    <comp ref="RLY10">
      <value>DS2E-SL2-DC5V</value>
      <footprint>digikey-footprints-AOML:DIP-10_W7.62mm_Relay_Socket</footprint>
      <datasheet>https://www3.panasonic.biz/ac/e_download/control/relay/signal/catalog/mech_eng_ds.pdf?f_cd=302232</datasheet>
      <fields>
        <field name="Mouser #">769-DS2E-SL2-DC5V</field>
        <field name="Mfr. #">DS2E-SL2-DC5V</field>
      </fields>
      <libsource lib="relays_AOML" part="DS2E-SL2-DC5V"/>
      <sheetpath names="/" tstamps="/"/>
      <tstamp>5B19DF2A</tstamp>
    </comp>
    <comp ref="RLY11">
      <value>DS2E-SL2-DC5V</value>
      <footprint>digikey-footprints-AOML:DIP-10_W7.62mm_Relay_Socket</footprint>
      <datasheet>https://www3.panasonic.biz/ac/e_download/control/relay/signal/catalog/mech_eng_ds.pdf?f_cd=302232</datasheet>
      <fields>
        <field name="Mouser #">769-DS2E-SL2-DC5V</field>
        <field name="Mfr. #">DS2E-SL2-DC5V</field>
      </fields>
      <libsource lib="relays_AOML" part="DS2E-SL2-DC5V"/>
      <sheetpath names="/" tstamps="/"/>
      <tstamp>5B19E09A</tstamp>
    </comp>
    <comp ref="RLY12">
      <value>DS2E-SL2-DC5V</value>
      <footprint>digikey-footprints-AOML:DIP-10_W7.62mm_Relay_Socket</footprint>
      <datasheet>https://www3.panasonic.biz/ac/e_download/control/relay/signal/catalog/mech_eng_ds.pdf?f_cd=302232</datasheet>
      <fields>
        <field name="Mouser #">769-DS2E-SL2-DC5V</field>
        <field name="Mfr. #">DS2E-SL2-DC5V</field>
      </fields>
      <libsource lib="relays_AOML" part="DS2E-SL2-DC5V"/>
      <sheetpath names="/" tstamps="/"/>
      <tstamp>5B19F153</tstamp>
    </comp>
    <comp ref="RLY13">
      <value>DS2E-SL2-DC5V</value>
      <footprint>digikey-footprints-AOML:DIP-10_W7.62mm_Relay_Socket</footprint>
      <datasheet>https://www3.panasonic.biz/ac/e_download/control/relay/signal/catalog/mech_eng_ds.pdf?f_cd=302232</datasheet>
      <fields>
        <field name="Mouser #">769-DS2E-SL2-DC5V</field>
        <field name="Mfr. #">DS2E-SL2-DC5V</field>
      </fields>
      <libsource lib="relays_AOML" part="DS2E-SL2-DC5V"/>
      <sheetpath names="/" tstamps="/"/>
      <tstamp>5B19F2CB</tstamp>
    </comp>
    <comp ref="RLY14">
      <value>DS2E-SL2-DC5V</value>
      <footprint>digikey-footprints-AOML:DIP-10_W7.62mm_Relay_Socket</footprint>
      <datasheet>https://www3.panasonic.biz/ac/e_download/control/relay/signal/catalog/mech_eng_ds.pdf?f_cd=302232</datasheet>
      <fields>
        <field name="Mouser #">769-DS2E-SL2-DC5V</field>
        <field name="Mfr. #">DS2E-SL2-DC5V</field>
      </fields>
      <libsource lib="relays_AOML" part="DS2E-SL2-DC5V"/>
      <sheetpath names="/" tstamps="/"/>
      <tstamp>5B19F53A</tstamp>
    </comp>
    <comp ref="RLY15">
      <value>DS2E-SL2-DC5V</value>
      <footprint>digikey-footprints-AOML:DIP-10_W7.62mm_Relay_Socket</footprint>
      <datasheet>https://www3.panasonic.biz/ac/e_download/control/relay/signal/catalog/mech_eng_ds.pdf?f_cd=302232</datasheet>
      <fields>
        <field name="Mouser #">769-DS2E-SL2-DC5V</field>
        <field name="Mfr. #">DS2E-SL2-DC5V</field>
      </fields>
      <libsource lib="relays_AOML" part="DS2E-SL2-DC5V"/>
      <sheetpath names="/" tstamps="/"/>
      <tstamp>5B19F696</tstamp>
    </comp>
    <comp ref="RLY16">
      <value>DS2E-SL2-DC5V</value>
      <footprint>digikey-footprints-AOML:DIP-10_W7.62mm_Relay_Socket</footprint>
      <datasheet>https://www3.panasonic.biz/ac/e_download/control/relay/signal/catalog/mech_eng_ds.pdf?f_cd=302232</datasheet>
      <fields>
        <field name="Mouser #">769-DS2E-SL2-DC5V</field>
        <field name="Mfr. #">DS2E-SL2-DC5V</field>
      </fields>
      <libsource lib="relays_AOML" part="DS2E-SL2-DC5V"/>
      <sheetpath names="/" tstamps="/"/>
      <tstamp>5B19F7FD</tstamp>
    </comp>
    <comp ref="RLY17">
      <value>DS2E-SL2-DC5V</value>
      <footprint>digikey-footprints-AOML:DIP-10_W7.62mm_Relay_Socket</footprint>
      <datasheet>https://www3.panasonic.biz/ac/e_download/control/relay/signal/catalog/mech_eng_ds.pdf?f_cd=302232</datasheet>
      <fields>
        <field name="Mouser #">769-DS2E-SL2-DC5V</field>
        <field name="Mfr. #">DS2E-SL2-DC5V</field>
      </fields>
      <libsource lib="relays_AOML" part="DS2E-SL2-DC5V"/>
      <sheetpath names="/" tstamps="/"/>
      <tstamp>5B19F961</tstamp>
    </comp>
    <comp ref="Q1">
      <value>PIC18F8722-I/PT</value>
      <footprint>Housings_QFP:TQFP-80_12x12mm_Pitch0.5mm</footprint>
      <datasheet>https://www.mouser.com/datasheet/2/268/39646c-17052.pdf</datasheet>
      <fields>
        <field name="Mouser #">579-PIC18F8722-I/PT</field>
        <field name="Mfr. #">PIC18F8722-I/PT</field>
      </fields>
      <libsource lib="microchip_pic18mcu_AOML" part="PIC18F8722-I/PT"/>
      <sheetpath names="/" tstamps="/"/>
      <tstamp>5B2183C1</tstamp>
    </comp>
    <comp ref="CONN1">
      <value>216548-1</value>
      <footprint>digikey-footprints-AOML:Pickit3_CONN</footprint>
      <datasheet>https://www.mouser.com/datasheet/2/418/NG_CD_216548_J6-1247434.pdf</datasheet>
      <fields>
        <field name="Mouser #">571-216548-1</field>
        <field name="Mfr. #">216548-1</field>
      </fields>
      <libsource lib="conn" part="Conn_01x06"/>
      <sheetpath names="/" tstamps="/"/>
      <tstamp>5B24B6A5</tstamp>
    </comp>
  </components>
  <libparts>
    <libpart lib="pspice" part="CAP">
      <aliases>
        <alias>C</alias>
      </aliases>
      <fields>
        <field name="Reference">C</field>
        <field name="Value">CAP</field>
      </fields>
      <pins>
        <pin num="1" name="~" type="passive"/>
        <pin num="2" name="~" type="passive"/>
      </pins>
    </libpart>
    <libpart lib="AOML_AB_2.2-cache" part="CP">
      <footprints>
        <fp>CP_*</fp>
      </footprints>
      <fields>
        <field name="Reference">C</field>
        <field name="Value">CP</field>
      </fields>
      <pins>
        <pin num="1" name="~" type="passive"/>
        <pin num="2" name="~" type="passive"/>
      </pins>
    </libpart>
    <libpart lib="conn" part="Conn_01x03">
      <description>Generic connector, single row, 01x03</description>
      <docs>~</docs>
      <footprints>
        <fp>Connector*:*_??x*mm*</fp>
        <fp>Connector*:*1x??x*mm*</fp>
        <fp>Pin?Header?Straight?1X*</fp>
        <fp>Pin?Header?Angled?1X*</fp>
        <fp>Socket?Strip?Straight?1X*</fp>
        <fp>Socket?Strip?Angled?1X*</fp>
      </footprints>
      <fields>
        <field name="Reference">J</field>
        <field name="Value">Conn_01x03</field>
      </fields>
      <pins>
        <pin num="1" name="Pin_1" type="passive"/>
        <pin num="2" name="Pin_2" type="passive"/>
        <pin num="3" name="Pin_3" type="passive"/>
      </pins>
    </libpart>
    <libpart lib="conn" part="Conn_01x06">
      <description>Generic connector, single row, 01x06</description>
      <docs>~</docs>
      <footprints>
        <fp>Connector*:*_??x*mm*</fp>
        <fp>Connector*:*1x??x*mm*</fp>
        <fp>Pin?Header?Straight?1X*</fp>
        <fp>Pin?Header?Angled?1X*</fp>
        <fp>Socket?Strip?Straight?1X*</fp>
        <fp>Socket?Strip?Angled?1X*</fp>
      </footprints>
      <fields>
        <field name="Reference">J</field>
        <field name="Value">Conn_01x06</field>
      </fields>
      <pins>
        <pin num="1" name="Pin_1" type="passive"/>
        <pin num="2" name="Pin_2" type="passive"/>
        <pin num="3" name="Pin_3" type="passive"/>
        <pin num="4" name="Pin_4" type="passive"/>
        <pin num="5" name="Pin_5" type="passive"/>
        <pin num="6" name="Pin_6" type="passive"/>
      </pins>
    </libpart>
    <libpart lib="conn" part="Conn_01x08">
      <description>Generic connector, single row, 01x08</description>
      <docs>~</docs>
      <footprints>
        <fp>Connector*:*_??x*mm*</fp>
        <fp>Connector*:*1x??x*mm*</fp>
        <fp>Pin?Header?Straight?1X*</fp>
        <fp>Pin?Header?Angled?1X*</fp>
        <fp>Socket?Strip?Straight?1X*</fp>
        <fp>Socket?Strip?Angled?1X*</fp>
      </footprints>
      <fields>
        <field name="Reference">J</field>
        <field name="Value">Conn_01x08</field>
      </fields>
      <pins>
        <pin num="1" name="Pin_1" type="passive"/>
        <pin num="2" name="Pin_2" type="passive"/>
        <pin num="3" name="Pin_3" type="passive"/>
        <pin num="4" name="Pin_4" type="passive"/>
        <pin num="5" name="Pin_5" type="passive"/>
        <pin num="6" name="Pin_6" type="passive"/>
        <pin num="7" name="Pin_7" type="passive"/>
        <pin num="8" name="Pin_8" type="passive"/>
      </pins>
    </libpart>
    <libpart lib="relays_AOML" part="DS2E-SL2-DC5V">
      <fields>
        <field name="Reference">RLY</field>
        <field name="Value">DS2E-SL2-DC5V</field>
      </fields>
      <pins>
        <pin num="1" name="+(1)" type="BiDi"/>
        <pin num="2" name="+(2)" type="BiDi"/>
        <pin num="3" name="COM1" type="BiDi"/>
        <pin num="4" name="RST1" type="BiDi"/>
        <pin num="5" name="SET1" type="BiDi"/>
        <pin num="6" name="SET2" type="BiDi"/>
        <pin num="7" name="RST2" type="BiDi"/>
        <pin num="8" name="COM2" type="BiDi"/>
        <pin num="9" name="-(2)" type="BiDi"/>
        <pin num="10" name="-(1)" type="BiDi"/>
      </pins>
    </libpart>
    <libpart lib="regul" part="L7805">
      <aliases>
        <alias>L7806</alias>
        <alias>L7808</alias>
        <alias>L7885</alias>
        <alias>L7809</alias>
        <alias>L7812</alias>
        <alias>L7815</alias>
        <alias>L7818</alias>
        <alias>L7824</alias>
      </aliases>
      <description>Positive 1.5A 35V Linear Regulator, Fixed Output 5V, TO-220/TO-263/TO-252</description>
      <docs>http://www.st.com/content/ccc/resource/technical/document/datasheet/41/4f/b3/b0/12/d4/47/88/CD00000444.pdf/files/CD00000444.pdf/jcr:content/translations/en.CD00000444.pdf</docs>
      <footprints>
        <fp>TO?252*</fp>
        <fp>TO?263*</fp>
        <fp>TO?220*</fp>
      </footprints>
      <fields>
        <field name="Reference">U</field>
        <field name="Value">L7805</field>
      </fields>
      <pins>
        <pin num="1" name="IN" type="power_in"/>
        <pin num="2" name="GND" type="power_in"/>
        <pin num="3" name="OUT" type="power_out"/>
      </pins>
    </libpart>
    <libpart lib="interface_AOML" part="MAX233CPP">
      <description>IC 2DVR/2RCVR RS232 5V 20-DIP</description>
      <fields>
        <field name="Reference">U</field>
        <field name="Value">MAX233CPP</field>
      </fields>
      <pins>
        <pin num="1" name="T2IN" type="BiDi"/>
        <pin num="2" name="T1IN" type="BiDi"/>
        <pin num="3" name="R1OUT" type="BiDi"/>
        <pin num="4" name="R1IN" type="BiDi"/>
        <pin num="5" name="T1OUT" type="BiDi"/>
        <pin num="6" name="GND" type="BiDi"/>
        <pin num="7" name="VCC" type="BiDi"/>
        <pin num="8" name="C1+" type="BiDi"/>
        <pin num="9" name="GND" type="BiDi"/>
        <pin num="10" name="CS-" type="BiDi"/>
        <pin num="11" name="C2+" type="BiDi"/>
        <pin num="12" name="V-" type="BiDi"/>
        <pin num="13" name="C1-" type="BiDi"/>
        <pin num="14" name="V+" type="BiDi"/>
        <pin num="15" name="C2+" type="BiDi"/>
        <pin num="16" name="C2-" type="BiDi"/>
        <pin num="17" name="V-" type="BiDi"/>
        <pin num="18" name="T2OUT" type="BiDi"/>
        <pin num="19" name="R2IN" type="BiDi"/>
        <pin num="20" name="R2OUT" type="BiDi"/>
      </pins>
    </libpart>
    <libpart lib="microchip_pic18mcu_AOML" part="PIC18F8722-I/PT">
      <description>128K Flash, 3.9K SRAM, MICROCONTROLLER, AB, 8K Buffer, TQFP80</description>
      <docs>http://ww1.microchip.com/downloads/en/DeviceDoc/39646c.pdf</docs>
      <footprints>
        <fp>TQFP*12x12mm*Pitch0.4mm*</fp>
        <fp>TQFP*14x14mm*Pitch0.5mm*</fp>
      </footprints>
      <fields>
        <field name="Reference">U</field>
        <field name="Value">PIC18F8722-I/PT</field>
        <field name="Footprint">Housings_QFP:TQFP-100_12x12mm_Pitch0.4mm</field>
      </fields>
      <pins>
        <pin num="1" name="RH2/A18" type="BiDi"/>
        <pin num="2" name="RH3/A19" type="BiDi"/>
        <pin num="3" name="~WR~/AD9/P2C/RE1" type="BiDi"/>
        <pin num="4" name="~RD~/AD8/P2D/RE0" type="BiDi"/>
        <pin num="5" name="RG0/ECCP3/P3A" type="BiDi"/>
        <pin num="6" name="RG1/TX2/CK2" type="BiDi"/>
        <pin num="7" name="RG2/RX2/DT2" type="BiDi"/>
        <pin num="8" name="RG3/CCP4/P3D" type="BiDi"/>
        <pin num="9" name="RG5/~MCLR~/VPP" type="BiDi"/>
        <pin num="10" name="RG4/CCP5/P1D" type="BiDi"/>
        <pin num="11" name="VSS" type="power_in"/>
        <pin num="12" name="VDD" type="power_in"/>
        <pin num="13" name="RF7/~SS1~" type="BiDi"/>
        <pin num="14" name="RF6/AN11" type="BiDi"/>
        <pin num="15" name="RF5/AN10/CVref" type="BiDi"/>
        <pin num="16" name="RF4/AN9" type="BiDi"/>
        <pin num="17" name="RF3/AN8" type="BiDi"/>
        <pin num="18" name="RF2/AN7/C1OUT" type="BiDi"/>
        <pin num="19" name="RH7/AN15/P1B" type="BiDi"/>
        <pin num="20" name="RH6/AN14/P1C" type="BiDi"/>
        <pin num="21" name="RH5/AN13/P3B" type="BiDi"/>
        <pin num="22" name="RH4/AN12/P3C" type="BiDi"/>
        <pin num="23" name="RF1/AN6/C2OUT" type="BiDi"/>
        <pin num="24" name="RF0/AN5" type="BiDi"/>
        <pin num="25" name="AVDD" type="power_in"/>
        <pin num="26" name="AVSS" type="power_in"/>
        <pin num="27" name="RA3/AN3/Vref+" type="BiDi"/>
        <pin num="28" name="RA2/AN2/Vref-" type="BiDi"/>
        <pin num="29" name="RA1/AN1" type="BiDi"/>
        <pin num="30" name="RA0/AN0" type="BiDi"/>
        <pin num="31" name="VSS" type="power_in"/>
        <pin num="32" name="VDD" type="power_in"/>
        <pin num="33" name="RA5/AN4/HLVDIN" type="BiDi"/>
        <pin num="34" name="RA4/TOCKI" type="BiDi"/>
        <pin num="35" name="T1OSI/ECCP2/P2A/RC1" type="BiDi"/>
        <pin num="36" name="T13CKI/T1OSO/RC0" type="BiDi"/>
        <pin num="37" name="TX1/CK1/RC6" type="BiDi"/>
        <pin num="38" name="RX1/DT1/RC7" type="BiDi"/>
        <pin num="39" name="RJ4/BA0" type="BiDi"/>
        <pin num="40" name="RJ5/~CE~" type="BiDi"/>
        <pin num="41" name="RJ6/~LB~" type="BiDi"/>
        <pin num="42" name="RJ7/~UB~" type="BiDi"/>
        <pin num="43" name="ECCP1/P1A/RC2" type="BiDi"/>
        <pin num="44" name="SCK1/SCL1/RC3" type="BiDi"/>
        <pin num="45" name="SDI1/SDA1/RC4" type="BiDi"/>
        <pin num="46" name="SDO1/RC5" type="BiDi"/>
        <pin num="47" name="PGD/KBI3/RB7" type="BiDi"/>
        <pin num="48" name="VDD" type="power_in"/>
        <pin num="49" name="RA7/CLKI/OSC1" type="power_in"/>
        <pin num="50" name="RA6/CLK0/OSC2" type="BiDi"/>
        <pin num="51" name="VSS" type="power_in"/>
        <pin num="52" name="PGC/KBI2/RB6" type="BiDi"/>
        <pin num="53" name="PGM/KBI1/RB5" type="BiDi"/>
        <pin num="54" name="KBI0/RB4" type="BiDi"/>
        <pin num="55" name="INT3/ECCP2/P2A/RB3" type="BiDi"/>
        <pin num="56" name="INT2/RB2" type="BiDi"/>
        <pin num="57" name="INT1/RB1" type="BiDi"/>
        <pin num="58" name="INT0/FLT0/RB0" type="BiDi"/>
        <pin num="59" name="RJ3/~WRH~" type="BiDi"/>
        <pin num="60" name="RJ2/~WRL~" type="BiDi"/>
        <pin num="61" name="RJ1/~OE~" type="BiDi"/>
        <pin num="62" name="RJ0/ALE" type="BiDi"/>
        <pin num="63" name="AD7/PSP7/~SS2~/RD7" type="BiDi"/>
        <pin num="64" name="AD6/PSP6/SCK2/SCL2/RD6" type="BiDi"/>
        <pin num="65" name="AD5/PSP5/SDI2/SDA2/RD5" type="BiDi"/>
        <pin num="66" name="SD02/AD4/PSP4/RD4" type="BiDi"/>
        <pin num="67" name="AD3/PSP3/RD3" type="BiDi"/>
        <pin num="68" name="AD2/PSP2/RD2" type="BiDi"/>
        <pin num="69" name="AD1/PSP1/RD1" type="BiDi"/>
        <pin num="70" name="VSS" type="power_in"/>
        <pin num="71" name="VDD" type="power_in"/>
        <pin num="72" name="AD0/PSP0/RD0" type="BiDi"/>
        <pin num="73" name="ECCP2/AD15/P2A/RE7" type="BiDi"/>
        <pin num="74" name="AD14/P1B/RE6" type="BiDi"/>
        <pin num="75" name="AD13/P1C/RE5" type="BiDi"/>
        <pin num="76" name="AD12/P3B/RE4" type="BiDi"/>
        <pin num="77" name="AD11/P3C/RE3" type="BiDi"/>
        <pin num="78" name="~CS~/AD10/P2B/RE2" type="BiDi"/>
        <pin num="79" name="RH0/A16" type="BiDi"/>
        <pin num="80" name="RH1/A17" type="BiDi"/>
      </pins>
    </libpart>
    <libpart lib="device" part="Q_NMOS_DGS">
      <description>Transistor N-MOSFET (general)</description>
      <fields>
        <field name="Reference">Q</field>
        <field name="Value">Q_NMOS_DGS</field>
      </fields>
      <pins>
        <pin num="1" name="D" type="passive"/>
        <pin num="3" name="G" type="input"/>
        <pin num="4" name="S" type="passive"/>
      </pins>
    </libpart>
    <libpart lib="pspice" part="R">
      <description>Resistance</description>
      <fields>
        <field name="Reference">R</field>
        <field name="Value">R</field>
      </fields>
      <pins>
        <pin num="1" name="~" type="passive"/>
        <pin num="2" name="~" type="passive"/>
      </pins>
    </libpart>
    <libpart lib="AOML_AB_2.2-cache" part="R_Network09">
      <footprints>
        <fp>R?Array?SIP*</fp>
      </footprints>
      <fields>
        <field name="Reference">RN</field>
        <field name="Value">R_Network09</field>
        <field name="Footprint">Resistors_THT:R_Array_SIP10</field>
      </fields>
      <pins>
        <pin num="1" name="common" type="passive"/>
        <pin num="2" name="R1" type="passive"/>
        <pin num="3" name="R2" type="passive"/>
        <pin num="4" name="R3" type="passive"/>
        <pin num="5" name="R4" type="passive"/>
        <pin num="6" name="R5" type="passive"/>
        <pin num="7" name="R6" type="passive"/>
        <pin num="8" name="R7" type="passive"/>
        <pin num="9" name="R8" type="passive"/>
        <pin num="10" name="R9" type="passive"/>
      </pins>
    </libpart>
  </libparts>
  <libraries>
    <library logical="interface_AOML">
      <uri>C:\Users\diego.ugaz\Documents\KiCad\Symbols_AOML\interface_AOML.lib</uri>
    </library>
    <library logical="device">
      <uri>C:\Users\diego.ugaz\Documents\KiCad\Symbols_AOML\device.lib</uri>
    </library>
    <library logical="pspice">
      <uri>C:\Program Files\KiCad\share\kicad\library\pspice.lib</uri>
    </library>
    <library logical="conn">
      <uri>C:\Program Files\KiCad\share\kicad\library\conn.lib</uri>
    </library>
    <library logical="microchip_pic18mcu_AOML">
      <uri>C:\Users\diego.ugaz\Documents\KiCad\Symbols_AOML\microchip_pic18mcu_AOML.lib</uri>
    </library>
    <library logical="relays_AOML">
      <uri>C:\Users\diego.ugaz\Documents\KiCad\Symbols_AOML\relays_AOML.lib</uri>
    </library>
    <library logical="AOML_AB_2.2-cache">
      <uri>C:\Users\diego.ugaz\Documents\KiCad\Projects\AOML AB V2.2\AOML_AB_2.2-cache.lib</uri>
    </library>
    <library logical="regul">
      <uri>C:\Program Files\KiCad\share\kicad\library\regul.lib</uri>
    </library>
  </libraries>
  <nets>
    <net code="1" name="Net-(CONN21-Pad1)">
      <node ref="CONN21" pin="1"/>
      <node ref="Q15" pin="1"/>
    </net>
    <net code="2" name="Net-(CONN10-Pad2)">
      <node ref="CONN10" pin="2"/>
      <node ref="Q26" pin="1"/>
    </net>
    <net code="3" name="Net-(CONN12-Pad1)">
      <node ref="CONN12" pin="1"/>
      <node ref="Q43" pin="1"/>
    </net>
    <net code="4" name="Net-(CONN22-Pad5)">
      <node ref="Q17" pin="1"/>
      <node ref="CONN22" pin="5"/>
    </net>
    <net code="5" name="Net-(CONN22-Pad4)">
      <node ref="Q16" pin="1"/>
      <node ref="CONN22" pin="4"/>
    </net>
    <net code="6" name="Net-(CONN22-Pad2)">
      <node ref="CONN22" pin="2"/>
      <node ref="Q18" pin="1"/>
    </net>
    <net code="7" name="Net-(CONN22-Pad1)">
      <node ref="CONN22" pin="1"/>
      <node ref="Q19" pin="1"/>
    </net>
    <net code="8" name="Net-(CONN21-Pad5)">
      <node ref="Q13" pin="1"/>
      <node ref="CONN21" pin="5"/>
    </net>
    <net code="9" name="Net-(CONN21-Pad4)">
      <node ref="CONN21" pin="4"/>
      <node ref="Q12" pin="1"/>
    </net>
    <net code="10" name="GND">
      <node ref="RN3" pin="1"/>
      <node ref="RLY1" pin="5"/>
      <node ref="RLY1" pin="6"/>
      <node ref="RN2" pin="1"/>
      <node ref="Q1" pin="51"/>
      <node ref="C11" pin="2"/>
      <node ref="Q5" pin="4"/>
      <node ref="Q4" pin="4"/>
      <node ref="Q3" pin="4"/>
      <node ref="RLY2" pin="6"/>
      <node ref="Q2" pin="4"/>
      <node ref="C7" pin="2"/>
      <node ref="CONN20" pin="4"/>
      <node ref="RN4" pin="1"/>
      <node ref="Q44" pin="4"/>
      <node ref="RLY2" pin="5"/>
      <node ref="RN1" pin="1"/>
      <node ref="Q6" pin="4"/>
      <node ref="Q11" pin="4"/>
      <node ref="Q10" pin="4"/>
      <node ref="Q9" pin="4"/>
      <node ref="Q46" pin="4"/>
      <node ref="Q1" pin="26"/>
      <node ref="CONN1" pin="2"/>
      <node ref="C10" pin="2"/>
      <node ref="C9" pin="2"/>
      <node ref="Q39" pin="4"/>
      <node ref="R4" pin="2"/>
      <node ref="R5" pin="2"/>
      <node ref="U5" pin="6"/>
      <node ref="U5" pin="9"/>
      <node ref="RN5" pin="1"/>
      <node ref="R3" pin="2"/>
      <node ref="C5" pin="2"/>
      <node ref="VR1" pin="2"/>
      <node ref="Q1" pin="31"/>
      <node ref="Q1" pin="11"/>
      <node ref="R6" pin="2"/>
      <node ref="Q1" pin="70"/>
      <node ref="Q23" pin="4"/>
      <node ref="Q33" pin="4"/>
      <node ref="Q12" pin="4"/>
      <node ref="Q13" pin="4"/>
      <node ref="Q14" pin="4"/>
      <node ref="Q15" pin="4"/>
      <node ref="Q32" pin="4"/>
      <node ref="C8" pin="2"/>
      <node ref="Q41" pin="4"/>
      <node ref="Q42" pin="4"/>
      <node ref="Q43" pin="4"/>
      <node ref="Q40" pin="4"/>
      <node ref="Q8" pin="4"/>
      <node ref="Q7" pin="4"/>
      <node ref="Q35" pin="4"/>
      <node ref="C1" pin="2"/>
      <node ref="C3" pin="2"/>
      <node ref="Q20" pin="4"/>
      <node ref="Q21" pin="4"/>
      <node ref="Q34" pin="4"/>
      <node ref="Q22" pin="4"/>
      <node ref="Q18" pin="4"/>
      <node ref="Q31" pin="4"/>
      <node ref="C4" pin="2"/>
      <node ref="Q24" pin="4"/>
      <node ref="Q17" pin="4"/>
      <node ref="C2" pin="2"/>
      <node ref="Q36" pin="4"/>
      <node ref="Q25" pin="4"/>
      <node ref="Q16" pin="4"/>
      <node ref="Q26" pin="4"/>
      <node ref="Q27" pin="4"/>
      <node ref="Q38" pin="4"/>
      <node ref="Q28" pin="4"/>
      <node ref="C6" pin="2"/>
      <node ref="Q29" pin="4"/>
      <node ref="Q37" pin="4"/>
      <node ref="Q30" pin="4"/>
      <node ref="Q19" pin="4"/>
    </net>
    <net code="11" name="Net-(CONN11-Pad4)">
      <node ref="CONN11" pin="4"/>
      <node ref="Q36" pin="1"/>
    </net>
    <net code="12" name="Net-(CONN11-Pad5)">
      <node ref="CONN11" pin="5"/>
      <node ref="Q37" pin="1"/>
    </net>
    <net code="13" name="Net-(CONN11-Pad2)">
      <node ref="Q38" pin="1"/>
      <node ref="CONN11" pin="2"/>
    </net>
    <net code="14" name="Net-(CONN24-Pad1)">
      <node ref="Q35" pin="1"/>
      <node ref="CONN24" pin="1"/>
    </net>
    <net code="15" name="Net-(CONN24-Pad4)">
      <node ref="CONN24" pin="4"/>
      <node ref="Q32" pin="1"/>
    </net>
    <net code="16" name="Net-(CONN24-Pad5)">
      <node ref="Q33" pin="1"/>
      <node ref="CONN24" pin="5"/>
    </net>
    <net code="17" name="Net-(CONN24-Pad2)">
      <node ref="Q34" pin="1"/>
      <node ref="CONN24" pin="2"/>
    </net>
    <net code="18" name="Net-(CONN23-Pad1)">
      <node ref="Q23" pin="1"/>
      <node ref="CONN23" pin="1"/>
    </net>
    <net code="19" name="Net-(CONN12-Pad2)">
      <node ref="Q42" pin="1"/>
      <node ref="CONN12" pin="2"/>
    </net>
    <net code="20" name="Net-(CONN5-Pad1)">
      <node ref="CONN5" pin="1"/>
      <node ref="RLY8" pin="4"/>
    </net>
    <net code="21" name="Net-(CONN9-Pad3)">
      <node ref="RLY17" pin="4"/>
      <node ref="CONN9" pin="3"/>
    </net>
    <net code="22" name="Net-(CONN8-Pad1)">
      <node ref="RLY14" pin="4"/>
      <node ref="CONN8" pin="1"/>
    </net>
    <net code="23" name="Net-(CONN23-Pad4)">
      <node ref="Q20" pin="1"/>
      <node ref="CONN23" pin="4"/>
    </net>
    <net code="24" name="Net-(CONN23-Pad5)">
      <node ref="CONN23" pin="5"/>
      <node ref="Q21" pin="1"/>
    </net>
    <net code="25" name="Net-(CONN23-Pad2)">
      <node ref="CONN23" pin="2"/>
      <node ref="Q22" pin="1"/>
    </net>
    <net code="26" name="Net-(CONN10-Pad1)">
      <node ref="CONN10" pin="1"/>
      <node ref="Q27" pin="1"/>
    </net>
    <net code="27" name="Net-(CONN21-Pad2)">
      <node ref="Q14" pin="1"/>
      <node ref="CONN21" pin="2"/>
    </net>
    <net code="28" name="Net-(CONN12-Pad5)">
      <node ref="Q41" pin="1"/>
      <node ref="CONN12" pin="5"/>
    </net>
    <net code="29" name="Net-(CONN12-Pad4)">
      <node ref="CONN12" pin="4"/>
      <node ref="Q40" pin="1"/>
    </net>
    <net code="30" name="Net-(CONN3-Pad1)">
      <node ref="Q31" pin="1"/>
      <node ref="CONN3" pin="1"/>
    </net>
    <net code="31" name="Net-(CONN3-Pad4)">
      <node ref="CONN3" pin="4"/>
      <node ref="Q28" pin="1"/>
    </net>
    <net code="32" name="Net-(CONN3-Pad5)">
      <node ref="CONN3" pin="5"/>
      <node ref="Q29" pin="1"/>
    </net>
    <net code="33" name="Net-(CONN3-Pad2)">
      <node ref="Q30" pin="1"/>
      <node ref="CONN3" pin="2"/>
    </net>
    <net code="34" name="Net-(CONN10-Pad4)">
      <node ref="Q24" pin="1"/>
      <node ref="CONN10" pin="4"/>
    </net>
    <net code="35" name="Net-(CONN10-Pad5)">
      <node ref="Q25" pin="1"/>
      <node ref="CONN10" pin="5"/>
    </net>
    <net code="36" name="Net-(Q46-Pad1)">
      <node ref="RLY19" pin="9"/>
      <node ref="Q46" pin="1"/>
      <node ref="RLY18" pin="9"/>
    </net>
    <net code="37" name="Net-(CONN18-Pad1)">
      <node ref="CONN18" pin="1"/>
      <node ref="RLY18" pin="4"/>
    </net>
    <net code="38" name="Net-(CONN18-Pad2)">
      <node ref="RLY18" pin="7"/>
      <node ref="CONN18" pin="2"/>
    </net>
    <net code="40" name="Net-(R4-Pad1)">
      <node ref="R4" pin="1"/>
      <node ref="RLY3" pin="4"/>
    </net>
    <net code="41" name="Net-(CONN19-Pad1)">
      <node ref="CONN19" pin="1"/>
      <node ref="RLY20" pin="4"/>
    </net>
    <net code="42" name="Net-(CONN19-Pad3)">
      <node ref="CONN19" pin="3"/>
      <node ref="RLY21" pin="4"/>
    </net>
    <net code="43" name="Net-(Q8-Pad1)">
      <node ref="RLY10" pin="9"/>
      <node ref="Q8" pin="1"/>
      <node ref="RLY11" pin="9"/>
    </net>
    <net code="44" name="Net-(Q7-Pad1)">
      <node ref="RLY8" pin="9"/>
      <node ref="RLY9" pin="9"/>
      <node ref="Q7" pin="1"/>
    </net>
    <net code="45" name="Net-(Q6-Pad1)">
      <node ref="RLY7" pin="9"/>
      <node ref="Q6" pin="1"/>
      <node ref="RLY6" pin="9"/>
    </net>
    <net code="46" name="Net-(Q9-Pad1)">
      <node ref="RLY13" pin="9"/>
      <node ref="Q9" pin="1"/>
      <node ref="RLY12" pin="9"/>
    </net>
    <net code="47" name="Net-(CONN18-Pad3)">
      <node ref="RLY19" pin="4"/>
      <node ref="CONN18" pin="3"/>
    </net>
    <net code="48" name="Net-(CONN19-Pad2)">
      <node ref="RLY20" pin="7"/>
      <node ref="CONN19" pin="2"/>
    </net>
    <net code="49" name="Net-(Q44-Pad1)">
      <node ref="Q44" pin="1"/>
      <node ref="RLY20" pin="9"/>
      <node ref="RLY21" pin="9"/>
    </net>
    <net code="50" name="Net-(R5-Pad1)">
      <node ref="R5" pin="1"/>
      <node ref="RLY3" pin="7"/>
      <node ref="RLY4" pin="4"/>
    </net>
    <net code="51" name="Net-(Q3-Pad1)">
      <node ref="RLY4" pin="9"/>
      <node ref="Q3" pin="1"/>
      <node ref="RLY3" pin="9"/>
    </net>
    <net code="52" name="Net-(Q2-Pad1)">
      <node ref="Q2" pin="1"/>
      <node ref="RLY2" pin="9"/>
      <node ref="RLY1" pin="9"/>
    </net>
    <net code="53" name="Net-(R6-Pad1)">
      <node ref="RLY5" pin="4"/>
      <node ref="R6" pin="1"/>
    </net>
    <net code="54" name="Net-(Q4-Pad1)">
      <node ref="RLY5" pin="9"/>
      <node ref="Q4" pin="1"/>
    </net>
    <net code="55" name="Net-(CONN8-Pad2)">
      <node ref="CONN8" pin="2"/>
      <node ref="RLY14" pin="7"/>
    </net>
    <net code="56" name="Net-(RLY14-Pad6)">
      <node ref="RLY14" pin="6"/>
    </net>
    <net code="57" name="Net-(RLY14-Pad5)">
      <node ref="RLY14" pin="5"/>
    </net>
    <net code="58" name="Net-(Q5-Pad1)">
      <node ref="RLY2" pin="10"/>
      <node ref="RLY16" pin="10"/>
      <node ref="RLY3" pin="10"/>
      <node ref="RLY4" pin="10"/>
      <node ref="RLY17" pin="10"/>
      <node ref="RLY20" pin="10"/>
      <node ref="RLY21" pin="10"/>
      <node ref="RLY19" pin="10"/>
      <node ref="RLY18" pin="10"/>
      <node ref="RLY5" pin="10"/>
      <node ref="Q5" pin="1"/>
      <node ref="RLY1" pin="10"/>
      <node ref="RLY14" pin="10"/>
      <node ref="RLY13" pin="10"/>
      <node ref="RLY12" pin="10"/>
      <node ref="RLY15" pin="10"/>
    </net>
    <net code="59" name="Net-(RLY13-Pad8)">
      <node ref="RLY13" pin="8"/>
    </net>
    <net code="60" name="Net-(RLY13-Pad7)">
      <node ref="RLY13" pin="7"/>
    </net>
    <net code="61" name="Net-(RLY13-Pad6)">
      <node ref="RLY13" pin="6"/>
    </net>
    <net code="62" name="Net-(RLY13-Pad5)">
      <node ref="RLY13" pin="5"/>
    </net>
    <net code="63" name="Net-(RLY16-Pad5)">
      <node ref="RLY16" pin="5"/>
    </net>
    <net code="64" name="Net-(RLY17-Pad6)">
      <node ref="RLY17" pin="6"/>
    </net>
    <net code="65" name="Net-(RLY17-Pad5)">
      <node ref="RLY17" pin="5"/>
    </net>
    <net code="66" name="+5V">
      <node ref="C10" pin="1"/>
      <node ref="RLY6" pin="1"/>
      <node ref="RLY6" pin="2"/>
      <node ref="C11" pin="1"/>
      <node ref="RLY4" pin="2"/>
      <node ref="RLY4" pin="1"/>
      <node ref="RLY21" pin="2"/>
      <node ref="RLY21" pin="1"/>
      <node ref="RLY20" pin="2"/>
      <node ref="RLY20" pin="1"/>
      <node ref="RLY7" pin="1"/>
      <node ref="RLY19" pin="1"/>
      <node ref="RLY7" pin="2"/>
      <node ref="U5" pin="7"/>
      <node ref="RLY1" pin="2"/>
      <node ref="RLY1" pin="1"/>
      <node ref="VR1" pin="3"/>
      <node ref="RLY3" pin="2"/>
      <node ref="RLY3" pin="1"/>
      <node ref="RLY18" pin="1"/>
      <node ref="RLY19" pin="2"/>
      <node ref="RLY18" pin="2"/>
      <node ref="RLY5" pin="2"/>
      <node ref="RLY5" pin="1"/>
      <node ref="RLY15" pin="2"/>
      <node ref="RLY11" pin="2"/>
      <node ref="RLY2" pin="2"/>
      <node ref="RLY2" pin="1"/>
      <node ref="RLY8" pin="2"/>
      <node ref="RLY15" pin="1"/>
      <node ref="RLY8" pin="1"/>
      <node ref="Q1" pin="48"/>
      <node ref="C1" pin="1"/>
      <node ref="RLY14" pin="1"/>
      <node ref="RLY16" pin="2"/>
      <node ref="RLY16" pin="1"/>
      <node ref="C9" pin="1"/>
      <node ref="RLY17" pin="2"/>
      <node ref="Q1" pin="12"/>
      <node ref="Q1" pin="71"/>
      <node ref="Q1" pin="32"/>
      <node ref="RLY13" pin="1"/>
      <node ref="RLY13" pin="2"/>
      <node ref="RLY17" pin="1"/>
      <node ref="Q1" pin="25"/>
      <node ref="RLY14" pin="2"/>
      <node ref="RLY9" pin="1"/>
      <node ref="RLY9" pin="2"/>
      <node ref="RLY11" pin="1"/>
      <node ref="C4" pin="1"/>
      <node ref="RLY12" pin="1"/>
      <node ref="CONN1" pin="4"/>
      <node ref="RLY12" pin="2"/>
      <node ref="RLY10" pin="2"/>
      <node ref="RLY10" pin="1"/>
      <node ref="C3" pin="1"/>
    </net>
    <net code="67" name="Net-(CONN9-Pad2)">
      <node ref="CONN9" pin="2"/>
      <node ref="RLY16" pin="7"/>
    </net>
    <net code="68" name="Net-(RLY16-Pad6)">
      <node ref="RLY16" pin="6"/>
    </net>
    <net code="69" name="Net-(Q10-Pad1)">
      <node ref="RLY15" pin="9"/>
      <node ref="RLY14" pin="9"/>
      <node ref="Q10" pin="1"/>
    </net>
    <net code="70" name="Net-(RLY15-Pad8)">
      <node ref="RLY15" pin="8"/>
    </net>
    <net code="71" name="Net-(RLY15-Pad7)">
      <node ref="RLY15" pin="7"/>
    </net>
    <net code="72" name="Net-(RLY15-Pad6)">
      <node ref="RLY15" pin="6"/>
    </net>
    <net code="73" name="Net-(RLY15-Pad5)">
      <node ref="RLY15" pin="5"/>
    </net>
    <net code="74" name="Net-(CONN8-Pad3)">
      <node ref="CONN8" pin="3"/>
      <node ref="RLY15" pin="4"/>
    </net>
    <net code="75" name="Net-(RLY9-Pad8)">
      <node ref="RLY9" pin="8"/>
    </net>
    <net code="76" name="Net-(RLY9-Pad7)">
      <node ref="RLY9" pin="7"/>
    </net>
    <net code="77" name="Net-(RLY9-Pad6)">
      <node ref="RLY9" pin="6"/>
    </net>
    <net code="78" name="Net-(RLY9-Pad5)">
      <node ref="RLY9" pin="5"/>
    </net>
    <net code="79" name="Net-(RLY10-Pad5)">
      <node ref="RLY10" pin="5"/>
    </net>
    <net code="80" name="Net-(RLY10-Pad10)">
      <node ref="RLY11" pin="10"/>
      <node ref="RLY6" pin="10"/>
      <node ref="RLY8" pin="10"/>
      <node ref="RLY7" pin="10"/>
      <node ref="RLY10" pin="10"/>
      <node ref="RLY9" pin="10"/>
    </net>
    <net code="81" name="Net-(CONN5-Pad2)">
      <node ref="RLY8" pin="7"/>
      <node ref="CONN5" pin="2"/>
    </net>
    <net code="82" name="Net-(RLY8-Pad6)">
      <node ref="RLY8" pin="6"/>
    </net>
    <net code="83" name="Net-(RLY8-Pad5)">
      <node ref="RLY8" pin="5"/>
    </net>
    <net code="84" name="Net-(RLY11-Pad7)">
      <node ref="RLY11" pin="7"/>
    </net>
    <net code="85" name="Net-(RLY12-Pad6)">
      <node ref="RLY12" pin="6"/>
    </net>
    <net code="86" name="Net-(RLY12-Pad5)">
      <node ref="RLY12" pin="5"/>
    </net>
    <net code="87" name="Net-(RLY11-Pad8)">
      <node ref="RLY11" pin="8"/>
    </net>
    <net code="88" name="Net-(RLY17-Pad7)">
      <node ref="RLY17" pin="7"/>
    </net>
    <net code="89" name="Net-(RLY11-Pad6)">
      <node ref="RLY11" pin="6"/>
    </net>
    <net code="90" name="Net-(RLY11-Pad5)">
      <node ref="RLY11" pin="5"/>
    </net>
    <net code="91" name="Net-(CONN4-Pad3)">
      <node ref="CONN4" pin="3"/>
      <node ref="RLY11" pin="4"/>
    </net>
    <net code="92" name="Net-(CONN4-Pad2)">
      <node ref="RLY10" pin="7"/>
      <node ref="CONN4" pin="2"/>
    </net>
    <net code="93" name="Net-(RLY10-Pad6)">
      <node ref="RLY10" pin="6"/>
    </net>
    <net code="94" name="Net-(Q1-Pad46)">
      <node ref="Q1" pin="46"/>
    </net>
    <net code="95" name="/TX1">
      <node ref="Q1" pin="37"/>
      <node ref="U5" pin="2"/>
    </net>
    <net code="96" name="Net-(Q1-Pad36)">
      <node ref="Q1" pin="36"/>
    </net>
    <net code="97" name="Net-(Q1-Pad45)">
      <node ref="Q1" pin="45"/>
    </net>
    <net code="98" name="Net-(Q1-Pad35)">
      <node ref="Q1" pin="35"/>
    </net>
    <net code="99" name="Net-(CONN1-Pad6)">
      <node ref="CONN1" pin="6"/>
    </net>
    <net code="100" name="/PGD">
      <node ref="CONN1" pin="5"/>
      <node ref="Q1" pin="47"/>
    </net>
    <net code="101" name="/PGC">
      <node ref="CONN1" pin="1"/>
      <node ref="Q1" pin="52"/>
    </net>
    <net code="102" name="Net-(Q1-Pad59)">
      <node ref="Q1" pin="59"/>
    </net>
    <net code="103" name="Net-(Q1-Pad49)">
      <node ref="Q1" pin="49"/>
    </net>
    <net code="104" name="Net-(Q1-Pad39)">
      <node ref="Q1" pin="39"/>
    </net>
    <net code="105" name="/RX1">
      <node ref="R2" pin="1"/>
      <node ref="Q1" pin="38"/>
    </net>
    <net code="106" name="/MCLR">
      <node ref="R7" pin="1"/>
      <node ref="Q1" pin="9"/>
      <node ref="R3" pin="1"/>
      <node ref="R1" pin="2"/>
    </net>
    <net code="107" name="Net-(Q1-Pad60)">
      <node ref="Q1" pin="60"/>
    </net>
    <net code="108" name="Net-(Q1-Pad50)">
      <node ref="Q1" pin="50"/>
    </net>
    <net code="109" name="Net-(Q1-Pad40)">
      <node ref="Q1" pin="40"/>
    </net>
    <net code="110" name="Net-(Q1-Pad10)">
      <node ref="Q1" pin="10"/>
    </net>
    <net code="111" name="Net-(Q1-Pad41)">
      <node ref="Q1" pin="41"/>
    </net>
    <net code="112" name="Net-(Q1-Pad8)">
      <node ref="Q1" pin="8"/>
    </net>
    <net code="113" name="Net-(Q1-Pad7)">
      <node ref="Q1" pin="7"/>
    </net>
    <net code="114" name="Net-(Q11-Pad1)">
      <node ref="Q11" pin="1"/>
      <node ref="RLY17" pin="9"/>
      <node ref="RLY16" pin="9"/>
    </net>
    <net code="115" name="Net-(RLY17-Pad8)">
      <node ref="RLY17" pin="8"/>
    </net>
    <net code="116" name="Net-(Q1-Pad44)">
      <node ref="Q1" pin="44"/>
    </net>
    <net code="117" name="Net-(Q1-Pad34)">
      <node ref="Q1" pin="34"/>
    </net>
    <net code="118" name="Net-(Q1-Pad43)">
      <node ref="Q1" pin="43"/>
    </net>
    <net code="119" name="Net-(Q1-Pad33)">
      <node ref="Q1" pin="33"/>
    </net>
    <net code="120" name="Net-(Q1-Pad62)">
      <node ref="Q1" pin="62"/>
    </net>
    <net code="121" name="Net-(Q1-Pad42)">
      <node ref="Q1" pin="42"/>
    </net>
    <net code="122" name="Net-(Q1-Pad61)">
      <node ref="Q1" pin="61"/>
    </net>
    <net code="123" name="/M5A">
      <node ref="Q1" pin="24"/>
      <node ref="Q20" pin="3"/>
      <node ref="RN4" pin="10"/>
    </net>
    <net code="124" name="/M3A">
      <node ref="Q1" pin="4"/>
      <node ref="Q12" pin="3"/>
      <node ref="RN3" pin="10"/>
    </net>
    <net code="125" name="/M3B">
      <node ref="Q1" pin="3"/>
      <node ref="Q13" pin="3"/>
      <node ref="RN3" pin="9"/>
    </net>
    <net code="126" name="/M3C">
      <node ref="Q1" pin="78"/>
      <node ref="RN3" pin="8"/>
      <node ref="Q14" pin="3"/>
    </net>
    <net code="127" name="/M3D">
      <node ref="Q1" pin="77"/>
      <node ref="Q15" pin="3"/>
      <node ref="RN3" pin="7"/>
    </net>
    <net code="128" name="/M4A">
      <node ref="Q16" pin="3"/>
      <node ref="Q1" pin="76"/>
      <node ref="RN3" pin="6"/>
    </net>
    <net code="129" name="/M4B">
      <node ref="Q17" pin="3"/>
      <node ref="Q1" pin="75"/>
      <node ref="RN3" pin="5"/>
    </net>
    <net code="130" name="/M4C">
      <node ref="RN3" pin="4"/>
      <node ref="Q18" pin="3"/>
      <node ref="Q1" pin="74"/>
    </net>
    <net code="131" name="/M4D">
      <node ref="RN3" pin="3"/>
      <node ref="Q19" pin="3"/>
      <node ref="Q1" pin="73"/>
    </net>
    <net code="132" name="/XBT7">
      <node ref="Q1" pin="5"/>
      <node ref="RN3" pin="2"/>
      <node ref="Q46" pin="3"/>
    </net>
    <net code="133" name="/M2D">
      <node ref="Q27" pin="3"/>
      <node ref="RN2" pin="2"/>
      <node ref="Q1" pin="63"/>
    </net>
    <net code="134" name="/M5B">
      <node ref="Q21" pin="3"/>
      <node ref="RN4" pin="9"/>
      <node ref="Q1" pin="23"/>
    </net>
    <net code="135" name="/M5C">
      <node ref="Q1" pin="18"/>
      <node ref="Q22" pin="3"/>
      <node ref="RN4" pin="8"/>
    </net>
    <net code="136" name="/M5D">
      <node ref="Q23" pin="3"/>
      <node ref="RN4" pin="7"/>
      <node ref="Q1" pin="17"/>
    </net>
    <net code="137" name="/M6A">
      <node ref="Q32" pin="3"/>
      <node ref="RN4" pin="6"/>
      <node ref="Q1" pin="16"/>
    </net>
    <net code="138" name="/M6B">
      <node ref="Q33" pin="3"/>
      <node ref="Q1" pin="15"/>
      <node ref="RN4" pin="5"/>
    </net>
    <net code="139" name="/M6C">
      <node ref="Q34" pin="3"/>
      <node ref="RN4" pin="4"/>
      <node ref="Q1" pin="14"/>
    </net>
    <net code="140" name="/M6D">
      <node ref="Q35" pin="3"/>
      <node ref="Q1" pin="13"/>
      <node ref="RN4" pin="3"/>
    </net>
    <net code="141" name="/XBT8">
      <node ref="Q1" pin="6"/>
      <node ref="Q44" pin="3"/>
      <node ref="RN4" pin="2"/>
    </net>
    <net code="142" name="/CAL_CONT">
      <node ref="RN1" pin="4"/>
      <node ref="Q1" pin="29"/>
      <node ref="Q3" pin="3"/>
    </net>
    <net code="143" name="Net-(RLY2-Pad4)">
      <node ref="RLY2" pin="4"/>
    </net>
    <net code="144" name="/XBT1">
      <node ref="Q1" pin="58"/>
      <node ref="RN1" pin="10"/>
      <node ref="Q9" pin="3"/>
    </net>
    <net code="145" name="/XBT2">
      <node ref="Q10" pin="3"/>
      <node ref="RN1" pin="9"/>
      <node ref="Q1" pin="57"/>
    </net>
    <net code="146" name="/XBT3">
      <node ref="Q1" pin="56"/>
      <node ref="Q11" pin="3"/>
      <node ref="RN1" pin="8"/>
    </net>
    <net code="147" name="/XBT4">
      <node ref="Q1" pin="55"/>
      <node ref="Q6" pin="3"/>
      <node ref="RN1" pin="7"/>
    </net>
    <net code="148" name="/XBT5">
      <node ref="Q1" pin="54"/>
      <node ref="RN1" pin="6"/>
      <node ref="Q7" pin="3"/>
    </net>
    <net code="149" name="/XBT6">
      <node ref="Q1" pin="53"/>
      <node ref="Q8" pin="3"/>
      <node ref="RN1" pin="5"/>
    </net>
    <net code="150" name="/CAL_RES">
      <node ref="RN1" pin="3"/>
      <node ref="Q4" pin="3"/>
      <node ref="Q1" pin="28"/>
    </net>
    <net code="151" name="/GND_CONT">
      <node ref="Q2" pin="3"/>
      <node ref="Q1" pin="27"/>
      <node ref="RN1" pin="2"/>
    </net>
    <net code="152" name="/RLY_RESET">
      <node ref="Q5" pin="3"/>
      <node ref="RN2" pin="10"/>
      <node ref="Q1" pin="30"/>
    </net>
    <net code="153" name="/M1A">
      <node ref="RN2" pin="9"/>
      <node ref="Q1" pin="72"/>
      <node ref="Q28" pin="3"/>
    </net>
    <net code="154" name="/M1B">
      <node ref="Q29" pin="3"/>
      <node ref="Q1" pin="69"/>
      <node ref="RN2" pin="8"/>
    </net>
    <net code="155" name="/M1C">
      <node ref="Q1" pin="68"/>
      <node ref="Q30" pin="3"/>
      <node ref="RN2" pin="7"/>
    </net>
    <net code="156" name="/M1D">
      <node ref="RN2" pin="6"/>
      <node ref="Q31" pin="3"/>
      <node ref="Q1" pin="67"/>
    </net>
    <net code="157" name="/M2A">
      <node ref="RN2" pin="5"/>
      <node ref="Q24" pin="3"/>
      <node ref="Q1" pin="66"/>
    </net>
    <net code="158" name="/M2B">
      <node ref="RN2" pin="4"/>
      <node ref="Q1" pin="65"/>
      <node ref="Q25" pin="3"/>
    </net>
    <net code="159" name="/M2C">
      <node ref="RN2" pin="3"/>
      <node ref="Q26" pin="3"/>
      <node ref="Q1" pin="64"/>
    </net>
    <net code="160" name="Net-(CONN4-Pad1)">
      <node ref="CONN4" pin="1"/>
      <node ref="RLY10" pin="4"/>
    </net>
    <net code="161" name="Net-(CONN5-Pad3)">
      <node ref="CONN5" pin="3"/>
      <node ref="RLY9" pin="4"/>
    </net>
    <net code="162" name="Net-(RLY20-Pad5)">
      <node ref="RLY20" pin="5"/>
    </net>
    <net code="163" name="Net-(RLY21-Pad6)">
      <node ref="RLY21" pin="6"/>
    </net>
    <net code="164" name="Net-(RLY21-Pad5)">
      <node ref="RLY21" pin="5"/>
    </net>
    <net code="165" name="Net-(RLY20-Pad6)">
      <node ref="RLY20" pin="6"/>
    </net>
    <net code="166" name="Net-(RLY21-Pad7)">
      <node ref="RLY21" pin="7"/>
    </net>
    <net code="167" name="Net-(RLY19-Pad8)">
      <node ref="RLY19" pin="8"/>
    </net>
    <net code="168" name="Net-(RLY19-Pad7)">
      <node ref="RLY19" pin="7"/>
    </net>
    <net code="169" name="Net-(RLY19-Pad6)">
      <node ref="RLY19" pin="6"/>
    </net>
    <net code="170" name="Net-(RLY19-Pad5)">
      <node ref="RLY19" pin="5"/>
    </net>
    <net code="171" name="Net-(RLY7-Pad8)">
      <node ref="RLY7" pin="8"/>
    </net>
    <net code="172" name="Net-(RLY7-Pad7)">
      <node ref="RLY7" pin="7"/>
    </net>
    <net code="173" name="Net-(RLY7-Pad6)">
      <node ref="RLY7" pin="6"/>
    </net>
    <net code="174" name="Net-(RLY7-Pad5)">
      <node ref="RLY7" pin="5"/>
    </net>
    <net code="175" name="Net-(CONN6-Pad3)">
      <node ref="CONN6" pin="3"/>
      <node ref="RLY7" pin="4"/>
    </net>
    <net code="176" name="Net-(CONN6-Pad2)">
      <node ref="CONN6" pin="2"/>
      <node ref="RLY6" pin="7"/>
    </net>
    <net code="177" name="Net-(RLY6-Pad6)">
      <node ref="RLY6" pin="6"/>
    </net>
    <net code="178" name="Net-(RLY6-Pad5)">
      <node ref="RLY6" pin="5"/>
    </net>
    <net code="179" name="Net-(CONN6-Pad1)">
      <node ref="CONN6" pin="1"/>
      <node ref="RLY6" pin="4"/>
    </net>
    <net code="180" name="Net-(RLY21-Pad8)">
      <node ref="RLY21" pin="8"/>
    </net>
    <net code="181" name="Net-(RLY4-Pad8)">
      <node ref="RLY4" pin="8"/>
    </net>
    <net code="182" name="Net-(RLY4-Pad7)">
      <node ref="RLY4" pin="7"/>
    </net>
    <net code="183" name="Net-(RLY4-Pad6)">
      <node ref="RLY4" pin="6"/>
    </net>
    <net code="184" name="Net-(RLY4-Pad5)">
      <node ref="RLY4" pin="5"/>
    </net>
    <net code="185" name="Net-(RLY3-Pad6)">
      <node ref="RLY3" pin="6"/>
    </net>
    <net code="186" name="Net-(RLY3-Pad5)">
      <node ref="RLY3" pin="5"/>
    </net>
    <net code="187" name="Net-(RLY2-Pad8)">
      <node ref="RLY2" pin="8"/>
    </net>
    <net code="188" name="Net-(RLY2-Pad7)">
      <node ref="RLY2" pin="7"/>
    </net>
    <net code="189" name="Net-(RLY18-Pad6)">
      <node ref="RLY18" pin="6"/>
    </net>
    <net code="190" name="Net-(RLY18-Pad5)">
      <node ref="RLY18" pin="5"/>
    </net>
    <net code="191" name="Net-(RLY5-Pad8)">
      <node ref="RLY5" pin="8"/>
    </net>
    <net code="192" name="Net-(RLY5-Pad7)">
      <node ref="RLY5" pin="7"/>
    </net>
    <net code="193" name="Net-(RLY5-Pad6)">
      <node ref="RLY5" pin="6"/>
    </net>
    <net code="194" name="Net-(RLY5-Pad5)">
      <node ref="RLY5" pin="5"/>
    </net>
    <net code="195" name="Net-(CONN7-Pad3)">
      <node ref="CONN7" pin="3"/>
      <node ref="RLY13" pin="4"/>
    </net>
    <net code="196" name="Net-(CONN7-Pad2)">
      <node ref="RLY12" pin="7"/>
      <node ref="CONN7" pin="2"/>
    </net>
    <net code="197" name="Net-(CONN7-Pad1)">
      <node ref="RLY12" pin="4"/>
      <node ref="CONN7" pin="1"/>
    </net>
    <net code="198" name="Net-(RN5-Pad2)">
      <node ref="RN5" pin="2"/>
    </net>
    <net code="199" name="Net-(U5-Pad1)">
      <node ref="U5" pin="1"/>
    </net>
    <net code="200" name="Net-(U5-Pad14)">
      <node ref="U5" pin="14"/>
    </net>
    <net code="201" name="Net-(U5-Pad13)">
      <node ref="U5" pin="13"/>
    </net>
    <net code="202" name="Net-(U5-Pad8)">
      <node ref="U5" pin="8"/>
    </net>
    <net code="203" name="Net-(RLY1-Pad7)">
      <node ref="RLY1" pin="7"/>
    </net>
    <net code="204" name="Net-(RLY1-Pad4)">
      <node ref="RLY1" pin="4"/>
    </net>
    <net code="205" name="Net-(U5-Pad19)">
      <node ref="U5" pin="19"/>
    </net>
    <net code="206" name="Net-(CONN11-Pad1)">
      <node ref="Q39" pin="1"/>
      <node ref="CONN11" pin="1"/>
    </net>
    <net code="207" name="Net-(CONN1-Pad3)">
      <node ref="R1" pin="1"/>
      <node ref="CONN1" pin="3"/>
    </net>
    <net code="208" name="Net-(R7-Pad2)">
      <node ref="R7" pin="2"/>
    </net>
    <net code="209" name="/M7C">
      <node ref="Q1" pin="1"/>
      <node ref="RN5" pin="8"/>
      <node ref="Q42" pin="3"/>
    </net>
    <net code="210" name="/M7D">
      <node ref="RN5" pin="7"/>
      <node ref="Q1" pin="2"/>
      <node ref="Q43" pin="3"/>
    </net>
    <net code="211" name="/M8A">
      <node ref="Q36" pin="3"/>
      <node ref="Q1" pin="22"/>
      <node ref="RN5" pin="6"/>
    </net>
    <net code="212" name="/M8B">
      <node ref="Q37" pin="3"/>
      <node ref="RN5" pin="5"/>
      <node ref="Q1" pin="21"/>
    </net>
    <net code="213" name="/M8C">
      <node ref="RN5" pin="4"/>
      <node ref="Q38" pin="3"/>
      <node ref="Q1" pin="20"/>
    </net>
    <net code="214" name="/M8D">
      <node ref="Q1" pin="19"/>
      <node ref="RN5" pin="3"/>
      <node ref="Q39" pin="3"/>
    </net>
    <net code="215" name="/M7B">
      <node ref="Q41" pin="3"/>
      <node ref="RN5" pin="9"/>
      <node ref="Q1" pin="80"/>
    </net>
    <net code="216" name="Net-(U5-Pad20)">
      <node ref="U5" pin="20"/>
    </net>
    <net code="217" name="Net-(U5-Pad18)">
      <node ref="U5" pin="18"/>
    </net>
    <net code="218" name="Net-(U5-Pad12)">
      <node ref="U5" pin="12"/>
      <node ref="U5" pin="17"/>
    </net>
    <net code="219" name="Net-(U5-Pad11)">
      <node ref="U5" pin="11"/>
      <node ref="U5" pin="15"/>
    </net>
    <net code="220" name="Net-(U5-Pad10)">
      <node ref="U5" pin="10"/>
      <node ref="U5" pin="16"/>
    </net>
    <net code="221" name="/IN">
      <node ref="CONN20" pin="3"/>
      <node ref="U5" pin="5"/>
    </net>
    <net code="222" name="/OUT">
      <node ref="CONN20" pin="7"/>
      <node ref="U5" pin="4"/>
    </net>
    <net code="223" name="Net-(R2-Pad2)">
      <node ref="R2" pin="2"/>
      <node ref="U5" pin="3"/>
    </net>
    <net code="224" name="/M7A">
      <node ref="Q1" pin="79"/>
      <node ref="RN5" pin="10"/>
      <node ref="Q40" pin="3"/>
    </net>
    <net code="225" name="Net-(CONN9-Pad1)">
      <node ref="RLY16" pin="4"/>
      <node ref="CONN9" pin="1"/>
    </net>
    <net code="226" name="/C">
      <node ref="RLY17" pin="3"/>
      <node ref="RLY21" pin="3"/>
      <node ref="RLY15" pin="3"/>
      <node ref="RLY13" pin="3"/>
      <node ref="RLY7" pin="3"/>
      <node ref="RLY19" pin="3"/>
      <node ref="RLY4" pin="3"/>
      <node ref="RLY2" pin="3"/>
      <node ref="RLY11" pin="3"/>
      <node ref="RLY9" pin="3"/>
      <node ref="CONN20" pin="5"/>
    </net>
    <net code="227" name="/B">
      <node ref="RLY10" pin="8"/>
      <node ref="RLY3" pin="8"/>
      <node ref="RLY6" pin="8"/>
      <node ref="CONN20" pin="1"/>
      <node ref="RLY16" pin="8"/>
      <node ref="RLY20" pin="8"/>
      <node ref="RLY8" pin="8"/>
      <node ref="RLY14" pin="8"/>
      <node ref="RLY1" pin="8"/>
      <node ref="RLY18" pin="8"/>
      <node ref="RLY12" pin="8"/>
    </net>
    <net code="228" name="/A">
      <node ref="RLY1" pin="3"/>
      <node ref="RLY6" pin="3"/>
      <node ref="RLY5" pin="3"/>
      <node ref="RLY18" pin="3"/>
      <node ref="CONN20" pin="8"/>
      <node ref="RLY3" pin="3"/>
      <node ref="RLY14" pin="3"/>
      <node ref="RLY8" pin="3"/>
      <node ref="RLY16" pin="3"/>
      <node ref="RLY10" pin="3"/>
      <node ref="RLY20" pin="3"/>
      <node ref="RLY12" pin="3"/>
    </net>
    <net code="229" name="+12V">
      <node ref="C7" pin="1"/>
      <node ref="CONN10" pin="3"/>
      <node ref="C8" pin="1"/>
      <node ref="CONN21" pin="3"/>
      <node ref="CONN21" pin="6"/>
      <node ref="CONN22" pin="3"/>
      <node ref="C2" pin="1"/>
      <node ref="CONN22" pin="6"/>
      <node ref="CONN23" pin="3"/>
      <node ref="CONN23" pin="6"/>
      <node ref="CONN24" pin="3"/>
      <node ref="CONN24" pin="6"/>
      <node ref="C6" pin="1"/>
      <node ref="CONN10" pin="6"/>
      <node ref="CONN20" pin="6"/>
      <node ref="CONN3" pin="3"/>
      <node ref="CONN11" pin="6"/>
      <node ref="CONN11" pin="3"/>
      <node ref="CONN12" pin="6"/>
      <node ref="CONN12" pin="3"/>
      <node ref="CONN20" pin="2"/>
      <node ref="CONN3" pin="6"/>
      <node ref="VR1" pin="1"/>
      <node ref="C5" pin="1"/>
    </net>
  </nets>
</export>
